Marca;Modelo;Comprimento;Carga máxima;Cilindradas;Potência Motor;Câmbio;Velocidade máxima
Audi;100;4790;1925;1984;115;Automático;179
Audi;100;4790;1910;1984;101;Manual;175
Audi;100;4790;1925;1984;115;Manual;184
Audi;100;4790;1970;2309;133;Automático;189
Audi;100;4790;1970;2309;133;Manual;194
Audi;100;4790;1985;2370;82;Manual;160
Audi;100;4790;2025;2460;115;Manual;188
Audi;100;4790;2006;2598;150;Automático;200
Audi;100;4790;2006;2598;150;Manual;203
Audi;100;4790;2100;2598;150;Automático;200
Audi;100;4790;2100;2598;150;Manual;203
Audi;100;4790;2000;2771;174;Automático;207
Audi;100;4790;2000;2771;174;Manual;212
Audi;100;4790;2100;2771;174;Automático;207
Audi;100;4790;2100;2771;174;Manual;212
Audi;100;4790;1875;1984;115;Automático;188
Audi;100;4790;1860;1984;101;Manual;182
Audi;100;4790;1875;1984;115;Manual;191
Audi;100;4790;1920;2309;133;Automático;199
Audi;100;4790;1920;2309;133;Manual;202
Audi;100;4790;1935;2370;82;Manual;167
Audi;100;4790;1975;2460;115;Manual;195
Audi;100;4790;1950;2598;150;Automático;207
Audi;100;4790;1950;2598;150;Manual;210
Audi;100;4790;2050;2598;150;Automático;207
Audi;100;4790;2050;2598;150;Manual;210
Audi;100;4790;1950;2771;174;Automático;216
Audi;100;4790;1950;2771;174;Manual;218
Audi;100;4790;2050;2771;174;Automático;216
Audi;100;4790;2050;2771;174;Manual;218
Audi;100;4680;1570;1588;86;Automático;156
Audi;100;4680;1570;1588;86;Manual;160
Audi;100;4680;1670;1986;70;Manual;150
Audi;100;4680;1630;2144;115;Automático;175
Audi;100;4680;1630;2144;136;Automático;185
Audi;100;4680;1630;2144;115;Manual;179
Audi;100;4680;1630;2144;136;Manual;190
Audi;100;4792;1680;1781;90;Automático;
Audi;100;4792;1630;1781;75;Manual;163
Audi;100;4792;1680;1781;90;Manual;173
Audi;100;4792;1790;1781;90;Manual;174
Audi;100;4792;1840;1994;115;Automático;184
Audi;100;4792;1840;1986;70;Automático;152
Audi;100;4792;1840;1986;70;Manual;154
Audi;100;4792;1840;1994;115;Manual;188
Audi;100;4792;1800;1986;87;Automático;
Audi;100;4792;1800;1986;87;Manual;170
Audi;100;4792;1840;2226;138;Automático;196
Audi;100;4792;1840;2226;138;Manual;199
Audi;100;4792;1920;2226;138;Manual;199
Audi;100;4792;1890;2226;165;Automático;212
Audi;100;4792;1890;2226;165;Manual;213
Audi;100;4792;2000;2226;165;Manual;213
Audi;100;4792;1840;2309;136;Automático;196
Audi;100;4792;1840;2309;136;Manual;199
Audi;100;4792;1950;2309;136;Manual;199
Audi;100;4792;1590;1781;90;Automático;173
Audi;100;4792;1580;1781;75;Manual;165
Audi;100;4792;1590;1781;90;Manual;176
Audi;100;4792;1790;1781;90;Manual;176
Audi;100;4792;1645;1921;100;Automático;173
Audi;100;4792;1645;1921;100;Manual;176
Audi;100;4792;1800;1994;115;Automático;186
Audi;100;4792;1800;1986;70;Automático;153
Audi;100;4792;1800;1986;70;Manual;156
Audi;100;4792;1800;1994;115;Manual;190
Audi;100;4792;1750;1986;87;Automático;164
Audi;100;4792;1750;1986;87;Manual;172
Audi;100;4792;1710;2144;136;Automático;193
Audi;100;4792;1710;2144;136;Manual;200
Audi;100;4792;1800;2226;138;Automático;199
Audi;100;4792;1800;2226;138;Manual;202
Audi;100;4792;1880;2226;138;Manual;202
Audi;100;4792;1850;2226;165;Automático;212
Audi;100;4792;1850;2226;165;Manual;216
Audi;100;4792;1960;2226;165;Manual;216
Audi;100;4792;1800;2309;136;Automático;198
Audi;100;4792;1800;2309;136;Manual;201
Audi;100;4792;1910;2309;136;Manual;201
Audi;100;4793;1840;1994;115;Automático;184
Audi;100;4793;1840;1994;115;Manual;188
Audi;100;4793;1890;1986;100;Manual;183
Audi;100;4793;1890;2226;165;Automático;209
Audi;100;4793;1890;2226;165;Manual;213
Audi;100;4793;2000;2226;165;Manual;213
Audi;100;4793;1840;2309;136;Automático;196
Audi;100;4793;1840;2309;136;Manual;199
Audi;100;4793;1950;2309;136;Manual;199
Audi;100;4793;1890;2370;82;Manual;164
Audi;100;4793;1910;2460;120;Manual;198
Audi;100;4793;1800;1994;115;Automático;186
Audi;100;4793;1800;1994;115;Manual;190
Audi;100;4793;1850;1986;100;Manual;185
Audi;100;4793;1850;2226;165;Automático;212
Audi;100;4793;1850;2226;165;Manual;216
Audi;100;4793;1960;2226;165;Manual;216
Audi;100;4793;1800;2309;136;Automático;198
Audi;100;4793;1800;2309;136;Manual;201
Audi;100;4793;1910;2309;136;Manual;201
Audi;100;4793;1850;2370;82;Manual;166
Audi;100;4793;1870;2460;120;Manual;200
Audi;200;4810;2000;2144;182;Manual;230
Audi;200;4810;2000;2226;165;Manual;213
Audi;200;4810;2000;2226;200;Manual;213
Audi;200;4810;2000;2226;220;Manual;238
Audi;200;4807;1960;2144;182;Manual;230
Audi;200;4810;1790;2144;182;Automático;223
Audi;200;4810;1790;2144;182;Manual;230
Audi;200;4810;1800;2226;138;Manual;202
Audi;200;4810;1960;2226;165;Manual;216
Audi;200;4810;1960;2226;200;Manual;231
Audi;200;4807;1790;2226;220;Manual;242
Audi;200;4810;1850;2226;165;Automático;208
Audi;200;4810;1790;2226;200;Automático;222
Audi;200;4810;1850;2226;165;Manual;216
Audi;200;4810;1790;2226;200;Manual;231
Audi;80;4393;;1588;54;Manual;
Audi;80;4393;;1595;70;Manual;168
Audi;80;4393;;1595;75;Manual;163
Audi;80;4393;;1588;80;Manual;
Audi;80;4404;;1781;112;Manual;
Audi;80;4405;;1781;112;Manual;
Audi;80;4393;;1847;113;Manual;
Audi;80;4393;;1781;75;Manual;
Audi;80;4404;1550;1781;90;Manual;
Audi;80;4404;;1847;113;Manual;
Audi;80;4404;;1781;88;Manual;182
Audi;80;4404;1510;1781;88;Manual;182
Audi;80;4404;;1896;68;Manual;
Audi;80;4393;1540;1984;113;Manual;196
Audi;80;4393;1570;1984;137;Manual;208
Audi;80;4393;1570;1984;137;Manual;208
Audi;80;4393;1540;1984;112;Manual;196
Audi;80;4393;;1994;160;Manual;
Audi;80;4393;1540;1984;112;Manual;196
Audi;80;4393;1540;1984;113;Manual;196
Audi;80;4393;;1984;115;Manual;
Audi;80;4482;1830;1896;90;Automático;174
Audi;80;4482;1830;1896;90;Manual;174
Audi;80;4482;1690;1984;115;Automático;190
Audi;80;4482;1650;1984;90;Automático;177
Audi;80;4482;1690;1984;115;Manual;190
Audi;80;4482;1650;1984;90;Manual;177
Audi;80;4482;1730;2309;133;Manual;200
Audi;80;4482;1790;2598;150;Automático;210
Audi;80;4482;1790;2598;150;Manual;210
Audi;80;4482;1790;2598;150;Manual;210
Audi;80;4482;1790;2771;174;Automático;220
Audi;80;4482;1790;2771;174;Manual;220
Audi;80;4482;1790;2771;174;Manual;220
Audi;80;4405;1490;1595;70;Manual;168
Audi;80;4482;1830;1896;75;Manual;162
Audi;80;4482;1830;1896;75;Manual;162
Audi;80;4482;1830;1896;90;Manual;174
Audi;80;4482;1690;1984;115;Manual;190
Audi;80;4482;1650;1984;90;Manual;177
Audi;80;4482;1690;1984;115;Manual;190
Audi;80;4482;1730;2309;133;Manual;200
Audi;80;4482;1730;2309;133;Manual;200
Audi;80;4482;1790;2598;150;Manual;210
Audi;80;4482;1790;2598;150;Manual;210
Audi;80;4482;1790;2771;174;Manual;220
Audi;80;4482;1790;2771;174;Manual;220
Audi;80;4383;1370;1272;59;Manual;148
Audi;80;4383;1440;1588;54;Manual;143
Audi;80;4383;1410;1588;109;Manual;180
Audi;80;4383;1410;1588;74;Manual;160
Audi;80;4383;1410;1588;84;Manual;165
Audi;80;4343;1480;1588;69;Manual;158
Audi;80;4406;1410;1781;89;Manual;170
Audi;80;4406;1440;1781;110;Manual;187
Audi;80;4406;1580;1781;110;Manual;187
Audi;80;4383;1480;1921;113;Automático;175
Audi;80;4383;1480;1897;113;Manual;181
Audi;80;4343;1510;1994;113;Automático;178
Audi;80;4343;1550;1994;113;Manual;184
Audi;80;4343;1750;1994;113;Manual;184
Audi;80;4343;1650;2144;134;Manual;193
Audi;90;5394;1550;1588;80;Manual;174
Audi;90;4395;1630;1994;115;Manual;196
Audi;90;4393;1630;2226;136;Manual;206
Audi;90;4395;1660;2309;167;Manual;220
Audi;90;4395;1780;2309;167;Manual;220
Audi;90;4480;1630;2309;133;Manual;206
Audi;90;4480;1630;2309;136;Manual;206
Audi;90;4480;1740;2309;133;Manual;206
Audi;90;4480;1630;2309;136;Manual;
Audi;A1;3954;1490;1197;86;Manual;180
Audi;A1;3954;1550;1390;122;Manual;203
Audi;A1;3954;1560;1390;140;Manual;212
Audi;A1;3954;1575;1390;122;Robot;203
Audi;A1;3954;1640;1390;185;Robot;227
Audi;A1;3954;1590;1598;105;Manual;190
Audi;A1;3954;1585;1598;90;Manual;182
Audi;A1;3954;1610;1598;90;Robot;182
Audi;A1;3954;1640;1968;143;Manual;217
Audi;A1;3987;1600;1984;256;Manual;245
Audi;A1;3954;1555;1197;86;Manual;180
Audi;A1;3954;1615;1390;122;Manual;203
Audi;A1;3954;1625;1390;140;Manual;212
Audi;A1;3954;1640;1390;122;Robot;203
Audi;A1;3954;1685;1390;185;Robot;227
Audi;A1;3954;1655;1598;105;Manual;190
Audi;A1;3954;1650;1598;90;Manual;182
Audi;A1;3954;1675;1598;90;Robot;182
Audi;A1;3954;1685;1968;143;Manual;217
Audi;A1;3973;1485;999;82;Manual;177
Audi;A1;3973;1485;999;95;Manual;186
Audi;A1;3973;1515;999;95;Robot;186
Audi;A1;3973;1540;1422;90;Manual;182
Audi;A1;3973;1570;1422;90;Robot;182
Audi;A1;3973;1530;1395;125;Manual;204
Audi;A1;3973;1570;1395;150;Manual;215
Audi;A1;3973;1565;1395;125;Robot;204
Audi;A1;3973;1580;1395;150;Robot;215
Audi;A1;3973;1600;1598;116;Manual;200
Audi;A1;3973;1625;1598;116;Robot;200
Audi;A1;3973;1630;1798;192;Robot;234
Audi;A1;3973;1580;999;82;Manual;177
Audi;A1;3973;1580;999;95;Manual;186
Audi;A1;3973;1610;999;95;Robot;186
Audi;A1;3973;1640;1422;90;Manual;182
Audi;A1;3973;1665;1422;90;Robot;182
Audi;A1;3973;1625;1395;125;Manual;204
Audi;A1;3973;1645;1395;150;Manual;215
Audi;A1;3973;1625;1395;125;Robot;204
Audi;A1;3973;1655;1395;150;Robot;215
Audi;A1;3973;1695;1598;116;Manual;200
Audi;A1;3973;1720;1598;116;Robot;200
Audi;A1;3973;1625;1798;192;Robot;234
Audi;A2;3826;1245;1191;61;Robot;168
Audi;A2;3826;1435;1390;75;Manual;173
Audi;A2;3826;1525;1422;75;Manual;173
Audi;A2;3826;1545;1422;90;Manual;188
Audi;A2;3826;1510;1598;110;Manual;202
Audi;A3;4152;1635;1595;101;Automático;183
Audi;A3;4152;1600;1595;101;Manual;188
Audi;A3;4152;1675;1781;125;Automático;197
Audi;A3;4152;1650;1781;125;Manual;202
Audi;A3;4152;1685;1781;150;Automático;214
Audi;A3;4152;1710;1781;150;Automático;214
Audi;A3;4152;1680;1781;150;Manual;217
Audi;A3;4152;1655;1781;150;Manual;217
Audi;A3;4152;1690;1781;180;Manual;228
Audi;A3;4152;1800;1781;150;Manual;215
Audi;A3;4152;1810;1781;180;Manual;226
Audi;A3;4152;1715;1896;110;Automático;191
Audi;A3;4152;1715;1896;110;Automático;191
Audi;A3;4152;1715;1896;110;Automático;191
Audi;A3;4152;1715;1896;90;Automático;177
Audi;A3;4152;1690;1896;110;Manual;193
Audi;A3;4152;1690;1896;110;Manual;194
Audi;A3;4152;1690;1896;110;Manual;194
Audi;A3;4152;1690;1896;90;Manual;181
Audi;A3;4152;1685;1595;101;Automático;183
Audi;A3;4152;1650;1595;101;Manual;188
Audi;A3;4152;1725;1781;125;Automático;197
Audi;A3;4152;1700;1781;125;Manual;202
Audi;A3;4152;1750;1781;150;Automático;214
Audi;A3;4152;1730;1781;150;Manual;217
Audi;A3;4152;1740;1781;180;Manual;228
Audi;A3;4152;1850;1781;150;Manual;215
Audi;A3;4152;1860;1781;180;Manual;226
Audi;A3;4152;1765;1896;110;Automático;191
Audi;A3;4152;1765;1896;90;Automático;177
Audi;A3;4152;1740;1896;110;Manual;194
Audi;A3;4152;1740;1896;90;Manual;181
Audi;A3;4152;1695;1595;102;Automático;184
Audi;A3;4152;1695;1595;102;Automático;184
Audi;A3;4152;1695;1595;102;Automático;184
Audi;A3;4152;1650;1595;102;Manual;189
Audi;A3;4152;1650;1595;102;Manual;189
Audi;A3;4152;1650;1595;102;Manual;189
Audi;A3;4152;1745;1781;125;Automático;197
Audi;A3;4152;1745;1781;125;Automático;197
Audi;A3;4152;1720;1781;125;Manual;202
Audi;A3;4152;1720;1781;125;Manual;202
Audi;A3;4152;1755;1781;150;Automático;214
Audi;A3;4152;1735;1781;150;Manual;217
Audi;A3;4152;1735;1781;150;Manual;217
Audi;A3;4152;1740;1781;180;Manual;228
Audi;A3;4152;1740;1781;180;Manual;228
Audi;A3;4152;1740;1781;180;Manual;228
Audi;A3;4152;1850;1781;150;Manual;215
Audi;A3;4152;1850;1781;150;Manual;215
Audi;A3;4152;1865;1781;180;Manual;226
Audi;A3;4152;1865;1781;180;Manual;226
Audi;A3;4152;1865;1781;180;Manual;226
Audi;A3;4152;1780;1781;150;Automático;214
Audi;A3;4152;1785;1781;180;Automático;223
Audi;A3;4152;1785;1781;180;Automático;223
Audi;A3;4152;1785;1781;180;Automático;223
Audi;A3;4152;1745;1896;100;Manual;188
Audi;A3;4152;1745;1896;100;Manual;188
Audi;A3;4152;1745;1896;100;Manual;188
Audi;A3;4152;1750;1896;110;Manual;194
Audi;A3;4152;1760;1896;130;Manual;205
Audi;A3;4152;1760;1896;130;Manual;205
Audi;A3;4152;1760;1896;130;Manual;205
Audi;A3;4152;1745;1896;90;Manual;181
Audi;A3;4152;1880;1896;130;Manual;203
Audi;A3;4152;1880;1896;130;Manual;203
Audi;A3;4152;1880;1896;130;Manual;203
Audi;A3;4152;1780;1896;100;Automático;183
Audi;A3;4152;1780;1896;100;Automático;183
Audi;A3;4152;1780;1896;100;Automático;183
Audi;A3;4152;1805;1896;130;Automático;200
Audi;A3;4152;1805;1896;130;Automático;200
Audi;A3;4152;1805;1896;130;Automático;200
Audi;A3;4152;1695;1595;102;Automático;184
Audi;A3;4152;1695;1595;102;Automático;184
Audi;A3;4152;1695;1595;102;Automático;184
Audi;A3;4152;1650;1595;102;Manual;189
Audi;A3;4152;1650;1595;102;Manual;189
Audi;A3;4152;1650;1595;102;Manual;189
Audi;A3;4152;1745;1781;125;Automático;197
Audi;A3;4152;1745;1781;125;Automático;197
Audi;A3;4152;1720;1781;125;Manual;202
Audi;A3;4152;1720;1781;125;Manual;202
Audi;A3;4152;1755;1781;150;Automático;214
Audi;A3;4152;1735;1781;150;Manual;217
Audi;A3;4152;1735;1781;150;Manual;217
Audi;A3;4152;1740;1781;180;Manual;228
Audi;A3;4152;1740;1781;180;Manual;228
Audi;A3;4152;1740;1781;180;Manual;228
Audi;A3;4152;1850;1781;150;Manual;215
Audi;A3;4152;1850;1781;150;Manual;215
Audi;A3;4152;1865;1781;180;Manual;226
Audi;A3;4152;1865;1781;180;Manual;226
Audi;A3;4152;1865;1781;180;Manual;226
Audi;A3;4152;1780;1781;150;Automático;214
Audi;A3;4152;1785;1781;180;Automático;223
Audi;A3;4152;1785;1781;180;Automático;223
Audi;A3;4152;1785;1781;180;Automático;223
Audi;A3;4152;1745;1896;100;Manual;188
Audi;A3;4152;1745;1896;100;Manual;188
Audi;A3;4152;1745;1896;100;Manual;188
Audi;A3;4152;1750;1896;110;Manual;194
Audi;A3;4152;1760;1896;130;Manual;205
Audi;A3;4152;1760;1896;130;Manual;205
Audi;A3;4152;1760;1896;130;Manual;205
Audi;A3;4152;1745;1896;90;Manual;181
Audi;A3;4152;1880;1896;130;Manual;203
Audi;A3;4152;1880;1896;130;Manual;203
Audi;A3;4152;1880;1896;130;Manual;203
Audi;A3;4152;1780;1896;100;Automático;183
Audi;A3;4152;1780;1896;100;Automático;183
Audi;A3;4152;1780;1896;100;Automático;183
Audi;A3;4152;1805;1896;130;Automático;200
Audi;A3;4152;1805;1896;130;Automático;200
Audi;A3;4152;1805;1896;130;Automático;200
Audi;A3;4203;1785;1598;115;Manual;196
Audi;A3;4203;1765;1595;102;Manual;185
Audi;A3;4203;1765;1595;102;Manual;185
Audi;A3;4203;1815;1595;102;Automático;183
Audi;A3;4203;1855;1896;105;Manual;187
Audi;A3;4203;1855;1896;105;Manual;187
Audi;A3;4203;1835;1984;150;Manual;211
Audi;A3;4203;1835;1984;150;Manual;211
Audi;A3;4203;1865;1984;150;Automático;209
Audi;A3;4203;1900;1986;140;Manual;207
Audi;A3;4203;1900;1986;140;Manual;207
Audi;A3;4203;1930;1986;140;Robot;207
Audi;A3;4203;2055;3189;250;Manual;250
Audi;A3;4203;2055;3189;250;Manual;250
Audi;A3;4203;2085;3189;250;Robot;250
Audi;A3;4203;2085;3189;250;Robot;250
Audi;A3;4238;1860;1197;105;Manual;190
Audi;A3;4238;1910;1390;125;Manual;200
Audi;A3;4238;1830;1595;102;Manual;183
Audi;A3;4238;1930;1598;105;Manual;190
Audi;A3;4238;1925;1798;160;Manual;220
Audi;A3;4238;1955;1798;160;Robot;220
Audi;A3;4238;1925;1896;105;Manual;185
Audi;A3;4238;1975;1968;140;Manual;208
Audi;A3;4238;1995;1968;140;Robot;208
Audi;A3;4238;1935;1984;200;Manual;236
Audi;A3;4238;1985;1984;200;Robot;236
Audi;A3;4214;1765;1197;105;Manual;192
Audi;A3;4214;1775;1197;105;Robot;192
Audi;A3;4214;1805;1390;125;Manual;203
Audi;A3;4214;1830;1390;125;Robot;203
Audi;A3;4214;1765;1595;102;Manual;185
Audi;A3;4214;1780;1595;102;Robot;185
Audi;A3;4214;1835;1598;105;Manual;194
Audi;A3;4214;1840;1598;105;Manual;194
Audi;A3;4214;1840;1598;90;Manual;180
Audi;A3;4214;1860;1598;105;Robot;194
Audi;A3;4214;1840;1798;160;Manual;220
Audi;A3;4214;1855;1798;160;Robot;222
Audi;A3;4214;1840;1896;105;Manual;187
Audi;A3;4214;1880;1896;105;Robot;187
Audi;A3;4214;1880;1968;140;Manual;207
Audi;A3;4214;1880;1968;170;Manual;224
Audi;A3;4214;1980;1968;140;Manual;205
Audi;A3;4214;1985;1968;170;Manual;220
Audi;A3;4214;1905;1968;140;Robot;207
Audi;A3;4214;1905;1968;170;Robot;224
Audi;A3;4214;1855;1984;200;Manual;238
Audi;A3;4214;1890;1984;200;Robot;238
Audi;A3;4214;1975;1984;200;Robot;236
Audi;A3;4214;2070;3189;250;Robot;250
Audi;A3;4292;1870;1197;105;Manual;192
Audi;A3;4292;1870;1197;105;Robot;192
Audi;A3;4292;1870;1390;125;Manual;203
Audi;A3;4292;1870;1390;125;Robot;203
Audi;A3;4292;1785;1595;102;Manual;185
Audi;A3;4292;1820;1595;102;Robot;185
Audi;A3;4292;1875;1598;105;Manual;194
Audi;A3;4292;1880;1598;105;Manual;194
Audi;A3;4292;1880;1598;90;Manual;180
Audi;A3;4292;1900;1598;105;Robot;194
Audi;A3;4292;1880;1798;160;Manual;222
Audi;A3;4292;1895;1798;160;Robot;222
Audi;A3;4292;1895;1896;105;Manual;187
Audi;A3;4292;1920;1896;105;Robot;187
Audi;A3;4292;1895;1984;200;Manual;238
Audi;A3;4292;1930;1984;200;Robot;238
Audi;A3;4292;2015;1984;200;Robot;236
Audi;A3;4214;1820;1390;125;Manual;203
Audi;A3;4214;1785;1598;115;Manual;196
Audi;A3;4214;1785;1598;115;Manual;196
Audi;A3;4214;1785;1598;115;Manual;196
Audi;A3;4214;1785;1598;115;Manual;196
Audi;A3;4214;1765;1595;102;Manual;185
Audi;A3;4214;1765;1595;102;Manual;185
Audi;A3;4214;1765;1595;102;Manual;185
Audi;A3;4214;1765;1595;102;Manual;185
Audi;A3;4214;1815;1595;102;Robot;183
Audi;A3;4214;1815;1595;102;Robot;183
Audi;A3;4214;1815;1595;102;Robot;183
Audi;A3;4214;1815;1595;102;Robot;183
Audi;A3;4214;1865;1798;160;Manual;220
Audi;A3;4214;1865;1798;160;Manual;220
Audi;A3;4214;1865;1798;160;Manual;220
Audi;A3;4214;1895;1798;160;Robot;220
Audi;A3;4214;1895;1798;160;Robot;220
Audi;A3;4214;1895;1798;160;Robot;220
Audi;A3;4214;1855;1896;105;Manual;187
Audi;A3;4214;1855;1896;105;Manual;187
Audi;A3;4214;1855;1896;105;Manual;187
Audi;A3;4214;1880;1896;105;Robot;187
Audi;A3;4214;1880;1896;105;Robot;187
Audi;A3;4214;1855;1896;105;Manual;187
Audi;A3;4214;1840;1896;105;Manual;194
Audi;A3;4214;1835;1984;150;Manual;214
Audi;A3;4214;1835;1984;150;Manual;214
Audi;A3;4214;1835;1984;150;Manual;214
Audi;A3;4214;1835;1984;150;Manual;214
Audi;A3;4214;1865;1984;150;Robot;209
Audi;A3;4214;1865;1984;150;Robot;209
Audi;A3;4214;1865;1984;150;Robot;209
Audi;A3;4214;1865;1984;150;Robot;209
Audi;A3;4214;1890;1968;140;Manual;207
Audi;A3;4214;1890;1968;140;Manual;207
Audi;A3;4214;1890;1968;140;Manual;207
Audi;A3;4214;1890;1968;140;Manual;207
Audi;A3;4214;1900;1968;170;Manual;222
Audi;A3;4214;1900;1968;170;Manual;222
Audi;A3;4214;1990;1968;140;Manual;205
Audi;A3;4214;1990;1968;140;Manual;205
Audi;A3;4214;1990;1968;140;Manual;205
Audi;A3;4214;1990;1968;140;Manual;205
Audi;A3;4214;2000;1968;170;Manual;220
Audi;A3;4214;2000;1968;170;Manual;220
Audi;A3;4214;1920;1968;140;Robot;207
Audi;A3;4214;1920;1968;140;Robot;207
Audi;A3;4214;1920;1968;140;Robot;207
Audi;A3;4214;1920;1968;140;Robot;207
Audi;A3;4214;1930;1968;170;Robot;222
Audi;A3;4214;1930;1968;170;Robot;222
Audi;A3;4214;1890;1968;140;Manual;207
Audi;A3;4214;1890;1968;140;Manual;207
Audi;A3;4214;1990;1968;140;Manual;205
Audi;A3;4214;1990;1968;140;Manual;205
Audi;A3;4214;1920;1968;140;Robot;207
Audi;A3;4214;1920;1968;140;Robot;207
Audi;A3;4214;1880;1984;200;Manual;236
Audi;A3;4214;1880;1984;200;Manual;236
Audi;A3;4214;1880;1984;200;Manual;236
Audi;A3;4214;1880;1984;200;Manual;236
Audi;A3;4214;1990;1984;200;Manual;234
Audi;A3;4214;1990;1984;200;Manual;234
Audi;A3;4214;1990;1984;200;Manual;234
Audi;A3;4214;1930;1984;200;Robot;236
Audi;A3;4214;1930;1984;200;Robot;236
Audi;A3;4214;1930;1984;200;Robot;236
Audi;A3;4214;1930;1984;200;Robot;236
Audi;A3;4214;1930;1984;200;Robot;236
Audi;A3;4214;2055;3189;250;Manual;250
Audi;A3;4214;2055;3189;250;Manual;250
Audi;A3;4214;2055;3189;250;Manual;250
Audi;A3;4214;2055;3189;250;Manual;250
Audi;A3;4214;2085;3189;250;Robot;250
Audi;A3;4214;2085;3189;250;Robot;250
Audi;A3;4214;2085;3189;250;Robot;250
Audi;A3;4214;2085;3189;250;Robot;250
Audi;A3;4286;1860;1390;125;Manual;203
Audi;A3;4286;1860;1390;125;Manual;203
Audi;A3;4286;1880;1390;125;Robot;203
Audi;A3;4286;1825;1598;115;Manual;196
Audi;A3;4286;1825;1598;115;Manual;196
Audi;A3;4286;1825;1598;115;Manual;196
Audi;A3;4286;1805;1595;102;Manual;185
Audi;A3;4286;1805;1595;102;Manual;185
Audi;A3;4286;1805;1595;102;Manual;185
Audi;A3;4286;1855;1595;102;Automático;183
Audi;A3;4286;1855;1595;102;Automático;183
Audi;A3;4286;1855;1595;102;Automático;183
Audi;A3;4286;1905;1798;160;Manual;220
Audi;A3;4286;1935;1798;160;Robot;220
Audi;A3;4286;1895;1896;105;Manual;187
Audi;A3;4286;1895;1896;105;Manual;187
Audi;A3;4286;1880;1896;105;Manual;194
Audi;A3;4286;1875;1984;150;Manual;214
Audi;A3;4286;1875;1984;150;Manual;214
Audi;A3;4286;1875;1984;150;Manual;214
Audi;A3;4286;1905;1984;150;Robot;209
Audi;A3;4286;1905;1984;150;Robot;209
Audi;A3;4286;1905;1984;150;Robot;209
Audi;A3;4286;1905;1984;150;Automático;209
Audi;A3;4286;1930;1968;140;Manual;207
Audi;A3;4286;1930;1968;140;Manual;207
Audi;A3;4286;1940;1968;170;Manual;222
Audi;A3;4286;1940;1968;170;Manual;222
Audi;A3;4286;2030;1968;140;Manual;205
Audi;A3;4286;2030;1968;140;Manual;205
Audi;A3;4286;2040;1968;170;Manual;220
Audi;A3;4286;1960;1968;140;Robot;207
Audi;A3;4286;1960;1968;140;Robot;207
Audi;A3;4286;1970;1968;170;Robot;222
Audi;A3;4286;1970;1968;170;Robot;222
Audi;A3;4286;1930;1968;140;Manual;207
Audi;A3;4286;1940;1968;140;Manual;207
Audi;A3;4286;2030;1968;140;Manual;205
Audi;A3;4286;1970;1968;140;Robot;207
Audi;A3;4286;1960;1968;140;Robot;207
Audi;A3;4286;1920;1984;200;Manual;236
Audi;A3;4286;1920;1984;200;Manual;236
Audi;A3;4286;1920;1984;200;Manual;236
Audi;A3;4286;2030;1984;200;Manual;234
Audi;A3;4286;2030;1984;200;Manual;234
Audi;A3;4286;1990;1984;200;Manual;234
Audi;A3;4286;2030;1984;200;Manual;234
Audi;A3;4286;1970;1984;200;Robot;236
Audi;A3;4286;1930;1984;200;Robot;236
Audi;A3;4286;1970;1984;200;Robot;236
Audi;A3;4286;1970;1984;200;Robot;236
Audi;A3;4286;1970;1984;200;Robot;236
Audi;A3;4286;2095;3189;250;Manual;250
Audi;A3;4286;2095;3189;250;Manual;250
Audi;A3;4286;2095;3189;250;Manual;250
Audi;A3;4286;2125;3189;250;Robot;250
Audi;A3;4286;2125;3189;250;Robot;250
Audi;A3;4286;2125;3189;250;Robot;250
Audi;A3;4421;1845;1395;125;Manual;211
Audi;A3;4421;1865;1395;140;Manual;218
Audi;A3;4421;1865;1395;125;Robot;211
Audi;A3;4421;1880;1395;140;Robot;218
Audi;A3;4421;1920;1598;110;Manual;200
Audi;A3;4421;1905;1798;180;Manual;242
Audi;A3;4421;1930;1798;180;Robot;242
Audi;A3;4421;2040;1798;180;Robot;234
Audi;A3;4421;1960;1968;150;Manual;224
Audi;A3;4421;1970;1968;184;Manual;241
Audi;A3;4421;2040;1968;150;Manual;220
Audi;A3;4421;1980;1968;150;Robot;224
Audi;A3;4237;1710;1197;105;Manual;193
Audi;A3;4237;1730;1197;105;Robot;193
Audi;A3;4237;1735;1395;122;Manual;203
Audi;A3;4237;1755;1395;122;Robot;203
Audi;A3;4237;1790;1598;105;Manual;195
Audi;A3;4237;1810;1598;105;Robot;195
Audi;A3;4237;1810;1798;180;Robot;232
Audi;A3;4237;1910;1798;180;Robot;228
Audi;A3;4237;1790;1798;180;Manual;235
Audi;A3;4237;1840;1968;150;Manual;216
Audi;A3;4237;1850;1968;184;Manual;234
Audi;A3;4237;1920;1968;150;Manual;216
Audi;A3;4237;1855;1968;143;Robot;213
Audi;A3;4237;1955;1968;184;Robot;230
Audi;A3;4456;1785;1395;125;Manual;212
Audi;A3;4456;1790;1395;140;Manual;219
Audi;A3;4456;1785;1395;125;Robot;211
Audi;A3;4456;1800;1395;140;Robot;217
Audi;A3;4456;1825;1598;105;Manual;198
Audi;A3;4456;1840;1598;105;Robot;198
Audi;A3;4456;1820;1798;180;Manual;242
Audi;A3;4456;1845;1798;180;Robot;235
Audi;A3;4456;1945;1798;180;Robot;235
Audi;A3;4456;1865;1968;150;Manual;220
Audi;A3;4456;1870;1968;184;Manual;241
Audi;A3;4456;1950;1968;150;Manual;224
Audi;A3;4456;1890;1968;143;Robot;219
Audi;A3;4456;1890;1968;150;Robot;224
Audi;A3;4310;1740;1197;105;Manual;193
Audi;A3;4310;1740;1197;110;Manual;198
Audi;A3;4310;1760;1197;105;Robot;193
Audi;A3;4310;1760;1197;110;Robot;198
Audi;A3;4310;1765;1395;122;Manual;203
Audi;A3;4310;1765;1395;125;Manual;206
Audi;A3;4310;1785;1395;122;Robot;203
Audi;A3;4310;1785;1395;125;Robot;206
Audi;A3;4310;1820;1598;110;Manual;200
Audi;A3;4310;1845;1598;110;Robot;200
Audi;A3;4310;1820;1798;180;Manual;235
Audi;A3;4310;1840;1798;180;Robot;232
Audi;A3;4310;1940;1798;180;Robot;228
Audi;A3;4310;1870;1968;150;Manual;216
Audi;A3;4310;1880;1968;143;Robot;213
Audi;A3;4310;1880;1968;150;Robot;213
Audi;A3;4423;1855;1395;115;Manual;203
Audi;A3;4423;1855;1395;150;Manual;222
Audi;A3;4423;1875;1395;115;Robot;203
Audi;A3;4423;1875;1395;150;Robot;222
Audi;A3;4423;1925;1598;110;Manual;200
Audi;A3;4423;1960;1968;150;Manual;224
Audi;A3;4423;2040;1968;150;Manual;220
Audi;A3;4423;1980;1968;150;Robot;224
Audi;A3;4423;2095;1968;184;Robot;237
Audi;A3;4423;1965;1984;190;Manual;250
Audi;A3;4423;1965;1984;190;Robot;250
Audi;A3;4423;2055;1984;190;Robot;242
Audi;A3;4241;1710;999;115;Manual;206
Audi;A3;4241;1730;999;115;Robot;206
Audi;A3;4241;1760;1395;150;Manual;220
Audi;A3;4241;1765;1395;150;Robot;220
Audi;A3;4241;1795;1598;110;Manual;200
Audi;A3;4241;1815;1598;110;Robot;200
Audi;A3;4241;1835;1968;150;Manual;218
Audi;A3;4241;1920;1968;150;Manual;214
Audi;A3;4241;1855;1968;150;Robot;218
Audi;A3;4241;1955;1968;184;Robot;230
Audi;A3;4241;1815;1984;190;Manual;244
Audi;A3;4241;1845;1984;190;Robot;244
Audi;A3;4241;1915;1984;190;Robot;236
Audi;A3;4458;1785;1395;150;Manual;224
Audi;A3;4458;1795;1395;150;Robot;224
Audi;A3;4458;1815;1598;110;Manual;203
Audi;A3;4458;1840;1598;110;Robot;203
Audi;A3;4458;1860;1968;150;Manual;224
Audi;A3;4458;1945;1968;150;Manual;220
Audi;A3;4458;1870;1968;150;Robot;224
Audi;A3;4458;1870;1984;190;Robot;250
Audi;A3;4458;1940;1984;190;Robot;242
Audi;A3;4313;1740;999;115;Manual;206
Audi;A3;4313;1760;999;115;Robot;206
Audi;A3;4313;2050;1395;204;Robot;222
Audi;A3;4313;1800;1395;110;Manual;197
Audi;A3;4313;1820;1395;110;Robot;197
Audi;A3;4313;1790;1395;150;Manual;220
Audi;A3;4313;1800;1395;150;Robot;220
Audi;A3;4313;1820;1598;110;Manual;200
Audi;A3;4313;1845;1598;110;Robot;200
Audi;A3;4313;1865;1968;150;Manual;218
Audi;A3;4313;1950;1968;150;Manual;214
Audi;A3;4313;1880;1968;150;Robot;218
Audi;A3;4313;1985;1968;184;Robot;230
Audi;A3;4313;1840;1984;190;Manual;250
Audi;A3;4313;1875;1984;190;Robot;244
Audi;A3;4313;1945;1984;190;Robot;236
Audi;A4;4479;1800;1595;101;Automático;181
Audi;A4;4479;1780;1595;101;Manual;187
Audi;A4;4479;1835;1781;125;Automático;196
Audi;A4;4479;1910;1781;125;Automático;198
Audi;A4;4479;1795;1781;125;Manual;201
Audi;A4;4479;1910;1781;125;Manual;198
Audi;A4;4479;1870;1781;150;Automático;212
Audi;A4;4479;1915;1781;150;Automático;216
Audi;A4;4479;1820;1781;150;Manual;218
Audi;A4;4479;1915;1781;150;Manual;216
Audi;A4;4479;1835;1896;110;Automático;190
Audi;A4;4479;;1896;75;Automático;183
Audi;A4;4479;1835;1896;90;Automático;173
Audi;A4;4479;1935;1896;110;Automático;190
Audi;A4;4479;1835;1896;110;Manual;192
Audi;A4;4479;;1896;75;Manual;183
Audi;A4;4479;1835;1896;90;Manual;180
Audi;A4;4479;1935;1896;110;Manual;190
Audi;A4;4479;1900;2598;150;Automático;210
Audi;A4;4479;1960;2598;150;Automático;212
Audi;A4;4479;1850;2598;150;Manual;210
Audi;A4;4479;1960;2598;150;Manual;214
Audi;A4;4479;;2771;174;Automático;229
Audi;A4;4479;1930;2771;193;Automático;231
Audi;A4;4479;;2771;174;Automático;229
Audi;A4;4479;2055;2771;193;Automático;229
Audi;A4;4479;;2771;174;Manual;230
Audi;A4;4479;1870;2771;193;Manual;236
Audi;A4;4479;;2771;174;Manual;229
Audi;A4;4479;1980;2771;193;Manual;234
Audi;A4;4479;1805;1595;101;Automático;185
Audi;A4;4479;1720;1595;101;Manual;191
Audi;A4;4479;1790;1781;125;Automático;200
Audi;A4;4479;1870;1781;125;Automático;202
Audi;A4;4479;1770;1781;125;Manual;205
Audi;A4;4479;1880;1781;125;Manual;202
Audi;A4;4479;1775;1781;150;Automático;216
Audi;A4;4479;1875;1781;150;Automático;220
Audi;A4;4479;1775;1781;150;Manual;222
Audi;A4;4479;1890;1781;150;Manual;220
Audi;A4;4479;1790;1896;75;Automático;175
Audi;A4;4479;1790;1896;75;Manual;172
Audi;A4;4479;1810;1896;110;Automático;194
Audi;A4;4479;1790;1896;90;Automático;175
Audi;A4;4479;1935;1896;110;Automático;190
Audi;A4;4479;1790;1896;110;Manual;196
Audi;A4;4479;1790;1896;90;Manual;184
Audi;A4;4479;1900;1896;110;Manual;194
Audi;A4;4479;1850;2598;150;Automático;223
Audi;A4;4479;1960;2598;150;Automático;212
Audi;A4;4479;1835;2598;150;Manual;220
Audi;A4;4479;1955;2598;150;Manual;218
Audi;A4;4479;1850;2771;174;Automático;230
Audi;A4;4479;1885;2771;193;Automático;235
Audi;A4;4479;1970;2771;174;Automático;220
Audi;A4;4479;2105;2771;193;Automático;233
Audi;A4;4479;1850;2771;174;Manual;230
Audi;A4;4479;1835;2771;193;Manual;240
Audi;A4;4479;1970;2771;174;Manual;229
Audi;A4;4479;1950;2771;193;Manual;240
Audi;A4;4479;1815;1595;101;Automático;185
Audi;A4;4479;1790;1595;101;Manual;186
Audi;A4;4479;1835;1781;125;Automático;196
Audi;A4;4479;1910;1781;125;Automático;198
Audi;A4;4479;1795;1781;125;Manual;201
Audi;A4;4479;1910;1781;125;Manual;198
Audi;A4;4479;;1781;180;Automático;
Audi;A4;4479;;1781;180;Automático;
Audi;A4;4479;1820;1781;150;Manual;218
Audi;A4;4479;1850;1781;180;Manual;228
Audi;A4;4479;1915;1781;150;Manual;219
Audi;A4;4479;1965;1781;180;Manual;
Audi;A4;4479;1820;1781;150;Automático;210
Audi;A4;4479;1820;1781;150;Automático;210
Audi;A4;4479;1835;1896;110;Automático;190
Audi;A4;4479;1835;1896;90;Automático;180
Audi;A4;4479;1935;1896;110;Automático;190
Audi;A4;4479;1835;1896;110;Manual;192
Audi;A4;4479;1865;1896;116;Manual;196
Audi;A4;4479;1855;1896;90;Manual;180
Audi;A4;4479;1935;1896;110;Manual;188
Audi;A4;4479;1865;1896;116;Manual;196
Audi;A4;4479;1865;1896;116;Automático;192
Audi;A4;4479;1870;2393;165;Manual;222
Audi;A4;4479;1870;2393;165;Manual;224
Audi;A4;4479;1870;2393;165;Automático;220
Audi;A4;4479;1975;2393;165;Automático;218
Audi;A4;4479;1950;2496;150;Manual;220
Audi;A4;4479;2085;2496;150;Manual;216
Audi;A4;4479;1950;2496;150;Automático;214
Audi;A4;4479;;2496;150;Automático;212
Audi;A4;4479;1870;2771;193;Manual;240
Audi;A4;4479;1980;2771;193;Manual;238
Audi;A4;4479;1930;2771;193;Automático;235
Audi;A4;4479;1980;2771;193;Automático;233
Audi;A4;4479;1745;1595;101;Automático;184
Audi;A4;4479;1750;1595;101;Manual;191
Audi;A4;4479;1805;1781;125;Automático;198
Audi;A4;4479;1870;1781;125;Automático;202
Audi;A4;4479;1785;1781;125;Manual;205
Audi;A4;4479;1905;1781;125;Manual;201
Audi;A4;4479;1810;1781;180;Automático;
Audi;A4;4479;1890;1781;180;Automático;
Audi;A4;4479;1805;1781;150;Manual;221
Audi;A4;4479;1810;1781;180;Manual;231
Audi;A4;4479;1875;1781;150;Manual;220
Audi;A4;4479;1930;1781;180;Manual;230
Audi;A4;4479;1855;1781;150;Automático;214
Audi;A4;4479;1875;1781;150;Automático;220
Audi;A4;4479;1790;1896;110;Automático;192
Audi;A4;4479;1855;1896;90;Automático;177
Audi;A4;4479;1825;1896;110;Manual;196
Audi;A4;4479;1835;1896;116;Manual;200
Audi;A4;4479;1815;1896;90;Manual;182
Audi;A4;4479;1945;1896;110;Manual;192
Audi;A4;4479;1975;1896;116;Manual;196
Audi;A4;4479;1885;1896;116;Automático;196
Audi;A4;4479;1865;2393;165;Manual;226
Audi;A4;4479;1980;2393;165;Manual;224
Audi;A4;4479;1915;2393;165;Automático;220
Audi;A4;4479;2040;2393;165;Automático;
Audi;A4;4479;1935;2496;150;Manual;220
Audi;A4;4479;2045;2496;150;Manual;216
Audi;A4;4479;1965;2496;150;Automático;214
Audi;A4;4479;2090;2496;150;Automático;212
Audi;A4;4479;1920;2771;193;Automático;235
Audi;A4;4479;2015;2771;193;Automático;233
Audi;A4;4479;1870;2771;193;Manual;240
Audi;A4;4479;1950;2771;193;Manual;238
Audi;A4;4545;1900;1595;102;Manual;186
Audi;A4;4545;1980;1781;150;Manual;219
Audi;A4;4545;1980;1781;163;Manual;225
Audi;A4;4545;;1781;170;Manual;209
Audi;A4;4545;2000;1781;190;Manual;232
Audi;A4;4545;2060;1781;150;Manual;217
Audi;A4;4545;2065;1781;163;Manual;223
Audi;A4;4545;;1781;170;Manual;209
Audi;A4;4545;2080;1781;190;Manual;230
Audi;A4;4545;2020;1781;150;CVT;216
Audi;A4;4545;2025;1781;163;CVT;220
Audi;A4;4545;;1781;170;CVT;209
Audi;A4;4545;2035;1781;190;CVT;224
Audi;A4;4545;2060;1781;150;Automático;217
Audi;A4;4545;;1781;163;Automático;
Audi;A4;4545;;1781;170;Automático;209
Audi;A4;4545;2080;1781;190;Automático;
Audi;A4;4545;2000;1896;130;Manual;208
Audi;A4;4545;2010;1896;130;Manual;208
Audi;A4;4545;1980;1896;100;Manual;191
Audi;A4;4545;2000;1896;115;Manual;197
Audi;A4;4545;2090;1896;130;Manual;202
Audi;A4;4545;2000;1896;130;CVT;200
Audi;A4;4545;1955;1984;150;Manual;214
Audi;A4;4545;1955;1984;150;CVT;206
Audi;A4;4545;1915;1984;130;Manual;208
Audi;A4;4545;1950;1984;130;CVT;202
Audi;A4;4545;2045;2393;170;Manual;223
Audi;A4;4545;2080;2393;170;CVT;219
Audi;A4;4545;2110;2496;155;Manual;219
Audi;A4;4545;2110;2496;163;Manual;225
Audi;A4;4545;2195;2496;180;Manual;225
Audi;A4;4545;2140;2496;155;CVT;212
Audi;A4;4545;2140;2496;163;CVT;217
Audi;A4;4545;2230;2496;180;Automático;220
Audi;A4;4545;2030;2976;220;Manual;243
Audi;A4;4545;2120;2976;220;Manual;241
Audi;A4;4545;2065;2976;220;CVT;236
Audi;A4;4545;2160;2976;220;Automático;236
Audi;A4;4573;2020;1781;163;Manual;226
Audi;A4;4573;2110;1781;163;Manual;222
Audi;A4;4573;2060;1781;163;CVT;219
Audi;A4;4573;;1781;170;CVT;209
Audi;A4;4573;2000;1984;130;Manual;208
Audi;A4;4573;2090;2393;170;Manual;224
Audi;A4;4573;2120;2393;170;CVT;219
Audi;A4;4573;2170;2496;163;Manual;225
Audi;A4;4573;2200;2496;163;CVT;217
Audi;A4;4573;2070;2976;220;Manual;243
Audi;A4;4573;2155;2976;220;Manual;241
Audi;A4;4573;2110;2976;220;CVT;243
Audi;A4;4573;2200;2976;220;Automático;238
Audi;A4;4548;1830;1595;102;Manual;190
Audi;A4;4548;1925;1781;150;Manual;222
Audi;A4;4548;1930;1781;163;Manual;228
Audi;A4;4548;;1781;170;Manual;209
Audi;A4;4548;1945;1781;190;Manual;237
Audi;A4;4548;2000;1781;150;Manual;220
Audi;A4;4548;2075;1781;163;Manual;226
Audi;A4;4548;;1781;170;Manual;209
Audi;A4;4548;2025;1781;190;Manual;234
Audi;A4;4548;2005;1781;150;CVT;219
Audi;A4;4548;1970;1781;163;CVT;223
Audi;A4;4548;;1781;170;CVT;209
Audi;A4;4548;2000;1781;190;CVT;224
Audi;A4;4548;2005;1781;150;CVT;
Audi;A4;4548;2020;1781;163;CVT;
Audi;A4;4548;;1781;170;Automático;209
Audi;A4;4548;2025;1781;190;Automático;234
Audi;A4;4548;1945;1896;130;Manual;210
Audi;A4;4548;1955;1896;130;Manual;210
Audi;A4;4548;1980;1896;100;Manual;195
Audi;A4;4548;1940;1896;115;Manual;201
Audi;A4;4548;2035;1896;130;Manual;204
Audi;A4;4548;2000;1896;115;CVT;197
Audi;A4;4548;2000;1896;130;CVT;205
Audi;A4;4548;;1896;130;Automático;
Audi;A4;4548;1900;1984;150;Manual;218
Audi;A4;4548;;1984;150;Manual;
Audi;A4;4548;1900;1984;150;CVT;210
Audi;A4;4548;;1984;150;Automático;210
Audi;A4;4548;1915;1984;130;Manual;212
Audi;A4;4548;;1984;130;Manual;
Audi;A4;4548;1895;1984;130;CVT;205
Audi;A4;4548;;1984;130;Automático;
Audi;A4;4548;1980;2393;170;Manual;226
Audi;A4;4548;2025;2393;170;CVT;222
Audi;A4;4548;2055;2496;155;Manual;221
Audi;A4;4548;2055;2496;163;Manual;227
Audi;A4;4548;2140;2496;180;Manual;228
Audi;A4;4548;2055;2496;155;CVT;214
Audi;A4;4548;2085;2496;163;CVT;219
Audi;A4;4548;2175;2496;180;Automático;221
Audi;A4;4548;1975;2976;220;Manual;245
Audi;A4;4548;2065;2976;220;Manual;243
Audi;A4;4548;2010;2976;220;CVT;238
Audi;A4;4548;2105;2976;220;Automático;238
Audi;A4;4586;1910;1595;102;Manual;190
Audi;A4;4586;1940;1781;163;Manual;229
Audi;A4;4586;2070;1781;163;Manual;226
Audi;A4;4586;1980;1781;163;CVT;223
Audi;A4;4586;2000;1896;115;Manual;201
Audi;A4;4586;;1896;115;CVT;
Audi;A4;4586;1950;1984;131;Manual;212
Audi;A4;4586;2000;1984;131;CVT;205
Audi;A4;4586;2040;1968;140;Manual;212
Audi;A4;4586;2060;1968;170;Manual;222
Audi;A4;4586;2110;1986;140;Manual;207
Audi;A4;4586;2130;1968;170;Manual;216
Audi;A4;4586;2080;1968;140;CVT;206
Audi;A4;4586;;1986;140;Automático;
Audi;A4;4586;2035;1984;200;Manual;241
Audi;A4;4586;2035;1984;220;Manual;247
Audi;A4;4586;2090;1984;200;Manual;238
Audi;A4;4586;2090;1984;220;Manual;244
Audi;A4;4586;2060;1984;200;CVT;235
Audi;A4;4586;;1984;220;CVT;
Audi;A4;4586;2135;1984;200;Automático;230
Audi;A4;4586;;1984;220;Automático;
Audi;A4;4586;2130;2496;163;Manual;227
Audi;A4;4586;2140;2496;163;CVT;219
Audi;A4;4586;2150;2698;180;Manual;230
Audi;A4;4586;2180;2698;180;CVT;217
Audi;A4;4586;2210;2967;204;Manual;235
Audi;A4;4586;2210;2967;233;Manual;245
Audi;A4;4586;2255;2967;204;Automático;233
Audi;A4;4586;2255;2967;233;Automático;240
Audi;A4;4586;2040;3123;256;Manual;250
Audi;A4;4586;2140;3123;256;Manual;250
Audi;A4;4586;2100;3123;256;CVT;250
Audi;A4;4586;2180;3123;256;Automático;250
Audi;A4;4573;2020;1781;163;Manual;226
Audi;A4;4573;2060;1781;163;CVT;219
Audi;A4;4573;2080;1968;140;Manual;207
Audi;A4;4573;2110;1968;140;CVT;201
Audi;A4;4573;2080;1984;200;Manual;238
Audi;A4;4573;2110;1984;200;CVT;232
Audi;A4;4573;2225;2698;180;CVT;222
Audi;A4;4573;2270;2967;233;Manual;242
Audi;A4;4573;2295;2967;233;Automático;242
Audi;A4;4573;2175;3123;256;Manual;250
Audi;A4;4573;2140;3123;256;CVT;250
Audi;A4;4573;2220;3123;256;Automático;250
Audi;A4;4586;1850;1595;102;Manual;190
Audi;A4;4586;1940;1781;163;Manual;229
Audi;A4;4586;2020;1781;163;Manual;226
Audi;A4;4586;1980;1781;163;CVT;223
Audi;A4;4586;1940;1896;115;Manual;201
Audi;A4;4586;1940;1896;115;CVT;
Audi;A4;4586;1890;1984;131;Manual;212
Audi;A4;4586;1940;1984;131;CVT;205
Audi;A4;4586;1980;1968;140;Manual;212
Audi;A4;4586;2000;1968;170;Manual;228
Audi;A4;4586;2050;1968;140;Manual;207
Audi;A4;4586;2080;1968;170;Manual;228
Audi;A4;4586;2020;1968;140;CVT;206
Audi;A4;4586;2050;1968;140;Automático;
Audi;A4;4586;1975;1984;200;Manual;241
Audi;A4;4586;2005;1984;220;Manual;247
Audi;A4;4586;2040;1984;200;Manual;238
Audi;A4;4586;1975;1984;220;Manual;247
Audi;A4;4586;2000;1984;200;CVT;235
Audi;A4;4586;2005;1984;220;CVT;
Audi;A4;4586;2085;1984;200;Automático;235
Audi;A4;4586;1975;1984;220;Automático;
Audi;A4;4586;2070;2496;163;Manual;227
Audi;A4;4586;2080;2496;163;CVT;219
Audi;A4;4586;2090;2698;180;Manual;230
Audi;A4;4586;2120;2698;180;CVT;224
Audi;A4;4586;2160;2967;204;Manual;235
Audi;A4;4586;2160;2967;233;Manual;245
Audi;A4;4586;2205;2967;204;Automático;233
Audi;A4;4586;2205;2967;233;Automático;244
Audi;A4;4586;2040;3123;256;Manual;250
Audi;A4;4586;2090;3123;256;Manual;250
Audi;A4;4586;2040;3123;256;CVT;250
Audi;A4;4586;2130;3123;256;Automático;250
Audi;A4;4721;2200;1968;143;Manual;200
Audi;A4;4721;2200;1968;170;Manual;213
Audi;A4;4721;2220;1984;211;Manual;230
Audi;A4;4721;2220;1984;211;Robot;230
Audi;A4;4721;2300;2967;240;Manual;237
Audi;A4;4721;2335;2967;240;Robot;236
Audi;A4;4703;1960;1798;120;Manual;200
Audi;A4;4703;2040;1798;160;Manual;218
Audi;A4;4703;2120;1798;160;Manual;219
Audi;A4;4703;2005;1798;120;CVT;191
Audi;A4;4703;2080;1798;160;CVT;210
Audi;A4;4703;2095;1968;120;Manual;197
Audi;A4;4703;2105;1968;136;Manual;208
Audi;A4;4703;2090;1968;143;Manual;208
Audi;A4;4703;2090;1968;170;Manual;222
Audi;A4;4703;2170;1968;143;Manual;207
Audi;A4;4703;2165;1968;170;Manual;220
Audi;A4;4703;2125;1968;143;CVT;200
Audi;A4;4703;2060;1984;180;Manual;228
Audi;A4;4703;2145;1984;180;Manual;224
Audi;A4;4703;2060;1984;180;Manual;228
Audi;A4;4703;2065;1984;211;Manual;242
Audi;A4;4703;2135;1984;211;Manual;238
Audi;A4;4703;2095;1984;180;CVT;218
Audi;A4;4703;2100;1984;211;CVT;232
Audi;A4;4703;2175;1984;211;Robot;237
Audi;A4;4703;2190;2698;190;Manual;230
Audi;A4;4703;;2698;190;CVT;226
Audi;A4;4703;;2967;240;Automático;250
Audi;A4;4703;2205;2967;240;Manual;250
Audi;A4;4703;2205;2967;240;Robot;250
Audi;A4;4703;2200;3197;265;Manual;250
Audi;A4;4703;2160;3197;265;CVT;250
Audi;A4;4703;2230;3197;265;Automático;250
Audi;A4;4703;1960;1798;120;Manual;208
Audi;A4;4703;1960;1798;160;Manual;225
Audi;A4;4703;2050;1798;160;Manual;225
Audi;A4;4703;2005;1798;120;CVT;200
Audi;A4;4703;2000;1798;160;CVT;218
Audi;A4;4703;2015;1968;120;Manual;205
Audi;A4;4703;2025;1968;136;Manual;215
Audi;A4;4703;2010;1968;143;Manual;215
Audi;A4;4703;2010;1968;170;Manual;230
Audi;A4;4703;2050;1968;143;Manual;215
Audi;A4;4703;2105;1968;170;Manual;228
Audi;A4;4703;2045;1968;143;CVT;210
Audi;A4;4703;1980;1984;180;Manual;236
Audi;A4;4703;2080;1984;180;Manual;232
Audi;A4;4703;1980;1984;180;Manual;236
Audi;A4;4703;1985;1984;211;Manual;250
Audi;A4;4703;2080;1984;180;Manual;232
Audi;A4;4703;2070;1984;211;Manual;240
Audi;A4;4703;2015;1984;180;CVT;226
Audi;A4;4703;2025;1984;211;CVT;240
Audi;A4;4703;;1984;211;Robot;
Audi;A4;4703;;1984;180;Automático;
Audi;A4;4703;2145;2698;190;Manual;239
Audi;A4;4703;2170;2698;190;CVT;226
Audi;A4;4703;;2967;240;Automático;250
Audi;A4;4703;2205;2967;240;Manual;250
Audi;A4;4703;2240;2967;240;Robot;250
Audi;A4;4703;2200;3197;265;Manual;250
Audi;A4;4703;2160;3197;265;CVT;250
Audi;A4;4703;2230;3197;265;Automático;250
Audi;A4;4721;2200;1968;143;Manual;200
Audi;A4;4721;2200;1968;150;Manual;200
Audi;A4;4721;2200;1968;177;Manual;215
Audi;A4;4721;2240;1968;177;Robot;210
Audi;A4;4721;2180;1984;211;Manual;230
Audi;A4;4721;2180;1984;225;Manual;234
Audi;A4;4721;2220;1984;211;Robot;230
Audi;A4;4721;2220;1984;225;Robot;234
Audi;A4;4721;2365;2967;245;Robot;237
Audi;A4;4721;2320;2967;245;Robot;237
Audi;A4;4699;2060;1798;120;Manual;200
Audi;A4;4699;2060;1798;170;Manual;222
Audi;A4;4699;2130;1798;170;Manual;220
Audi;A4;4699;2095;1798;120;CVT;191
Audi;A4;4699;2100;1798;170;CVT;215
Audi;A4;4699;2110;1968;120;Manual;197
Audi;A4;4699;2105;1968;136;Manual;215
Audi;A4;4699;2105;1968;143;Manual;208
Audi;A4;4699;2105;1968;150;Manual;208
Audi;A4;4699;2105;1968;163;Manual;216
Audi;A4;4699;2105;1968;177;Manual;222
Audi;A4;4699;2170;1968;143;Manual;207
Audi;A4;4699;2170;1968;150;Manual;207
Audi;A4;4699;2170;1968;177;Manual;222
Audi;A4;4699;2145;1968;143;CVT;200
Audi;A4;4699;2180;1968;150;CVT;200
Audi;A4;4699;2145;1968;177;CVT;211
Audi;A4;4699;2210;1968;177;Robot;218
Audi;A4;4699;2075;1984;211;Manual;242
Audi;A4;4699;2070;1984;180;Manual;228
Audi;A4;4699;2145;1984;180;Manual;224
Audi;A4;4699;2070;1984;180;Manual;228
Audi;A4;4699;2075;1984;225;Manual;245
Audi;A4;4699;2145;1984;180;Manual;224
Audi;A4;4699;2145;1984;211;Manual;238
Audi;A4;4699;2145;1984;225;Manual;240
Audi;A4;4699;2110;1984;211;CVT;232
Audi;A4;4699;2110;1984;225;CVT;234
Audi;A4;4699;2180;1984;211;Robot;237
Audi;A4;4699;2180;1984;225;Robot;240
Audi;A4;4699;2350;2967;245;Robot;250
Audi;A4;4699;2190;2967;204;Manual;235
Audi;A4;4699;2250;2967;245;Manual;250
Audi;A4;4699;2210;2967;204;CVT;230
Audi;A4;4699;2295;2967;245;Robot;250
Audi;A4;4699;2285;2995;272;Robot;250
Audi;A4;4701;1980;1798;120;Manual;208
Audi;A4;4701;1980;1798;170;Manual;230
Audi;A4;4701;2055;1798;170;Manual;229
Audi;A4;4701;2015;1798;120;CVT;200
Audi;A4;4701;2020;1798;170;CVT;225
Audi;A4;4701;2035;1968;120;Manual;205
Audi;A4;4701;2025;1968;136;Manual;215
Audi;A4;4701;2030;1968;143;Manual;216
Audi;A4;4701;2030;1968;150;Manual;216
Audi;A4;4701;2025;1968;163;Manual;225
Audi;A4;4701;2030;1968;177;Manual;230
Audi;A4;4701;2090;1968;190;Manual;240
Audi;A4;4701;2110;1968;150;Manual;215
Audi;A4;4701;2115;1968;177;Manual;228
Audi;A4;4701;2165;1968;190;Manual;235
Audi;A4;4701;2065;1968;143;CVT;210
Audi;A4;4701;2065;1968;150;CVT;210
Audi;A4;4701;2070;1968;177;CVT;222
Audi;A4;4701;2125;1968;190;CVT;230
Audi;A4;4701;2145;1968;177;Robot;225
Audi;A4;4701;2205;1968;190;Robot;235
Audi;A4;4701;1980;1984;180;Manual;236
Audi;A4;4701;2080;1984;180;Manual;232
Audi;A4;4701;1980;1984;180;Manual;236
Audi;A4;4701;2000;1984;211;Manual;250
Audi;A4;4701;2000;1984;225;Manual;250
Audi;A4;4701;2080;1984;180;Manual;232
Audi;A4;4701;2080;1984;211;Manual;246
Audi;A4;4701;2080;1984;225;Manual;250
Audi;A4;4701;2035;1984;211;CVT;240
Audi;A4;4701;2035;1984;225;CVT;242
Audi;A4;4701;2120;1984;211;Robot;245
Audi;A4;4701;2120;1984;225;Robot;250
Audi;A4;4701;2280;2967;245;Robot;250
Audi;A4;4701;2125;2967;204;Manual;244
Audi;A4;4701;2190;2967;245;Manual;250
Audi;A4;4701;2140;2967;204;CVT;235
Audi;A4;4701;2230;2967;245;Robot;250
Audi;A4;4701;2215;2995;272;Robot;250
Audi;A4;4750;2190;1984;249;Robot;246
Audi;A4;4726;1890;1395;150;Manual;210
Audi;A4;4726;2005;1395;150;Robot;210
Audi;A4;4725;2095;1968;122;Manual;200
Audi;A4;4725;2095;1968;150;Manual;215
Audi;A4;4725;2130;1968;190;Manual;235
Audi;A4;4725;2190;1968;150;Manual;214
Audi;A4;4725;2195;1968;190;Manual;230
Audi;A4;4725;2145;1968;122;Robot;198
Audi;A4;4725;2065;1968;150;Robot;219
Audi;A4;4725;2075;1968;190;Robot;237
Audi;A4;4725;2160;1968;190;Robot;235
Audi;A4;4725;;1984;170;Manual;
Audi;A4;4725;2030;1984;190;Manual;236
Audi;A4;4725;;1984;170;Robot;
Audi;A4;4721;1985;1984;190;Robot;210
Audi;A4;4725;2130;1984;249;Robot;250
Audi;A4;4725;2100;1984;252;Robot;250
Audi;A4;4725;2080;1984;249;Robot;250
Audi;A4;4725;2130;1984;252;Robot;250
Audi;A4;4725;2185;2967;218;Robot;245
Audi;A4;4725;2250;2967;218;Robot;245
Audi;A4;4725;2285;2967;272;Automático;250
Audi;A4;4726;1890;1395;150;Manual;210
Audi;A4;4726;1945;1395;150;Robot;210
Audi;A4;4726;2030;1968;122;Manual;205
Audi;A4;4726;2030;1968;150;Manual;221
Audi;A4;4726;2045;1968;190;Manual;240
Audi;A4;4726;2125;1968;150;Manual;219
Audi;A4;4726;2125;1968;190;Manual;236
Audi;A4;4726;2065;1968;122;Robot;204
Audi;A4;4726;2065;1968;150;Robot;219
Audi;A4;4726;2075;1968;190;Robot;237
Audi;A4;4726;2160;1968;190;Robot;235
Audi;A4;4726;;1984;170;Manual;221
Audi;A4;4726;1960;1984;190;Manual;240
Audi;A4;4726;;1984;170;Robot;
Audi;A4;4726;1985;1984;190;Robot;240
Audi;A4;4726;2000;1984;249;Robot;250
Audi;A4;4726;2000;1984;252;Robot;250
Audi;A4;4726;2080;1984;249;Robot;250
Audi;A4;4726;2080;1984;252;Robot;250
Audi;A4;4726;2110;2967;218;Robot;250
Audi;A4;4726;2190;2967;218;Robot;250
Audi;A4;4726;2230;2967;272;Automático;250
Audi;A5;4673;2215;1968;190;Robot;232
Audi;A5;4673;2280;1968;190;Robot;233
Audi;A5;4673;2110;1984;190;Manual;239
Audi;A5;4673;2150;1984;252;Robot;250
Audi;A5;4673;2210;1984;252;Robot;250
Audi;A5;4673;2250;2967;218;Robot;246
Audi;A5;4673;2320;2967;218;Robot;241
Audi;A5;4673;;1968;190;Manual;240
Audi;A5;4673;;1968;190;Manual;240
Audi;A5;4673;;1968;190;Robot;238
Audi;A5;4673;2080;1968;190;Robot;235
Audi;A5;4673;2000;1984;249;Robot;250
Audi;A5;4673;;2967;218;Robot;250
Audi;A5;4673;;2967;218;Robot;250
Audi;A5;4733;;1968;190;Manual;235
Audi;A5;4733;;1968;190;Manual;235
Audi;A5;4733;;1968;190;Robot;235
Audi;A5;4733;2185;1968;190;Robot;235
Audi;A5;4733;2040;1984;190;Robot;239
Audi;A5;4733;;1984;252;Robot;250
Audi;A5;4733;2085;1984;249;Robot;250
Audi;A5;4733;;1984;252;Robot;249
Audi;A5;4733;;2967;218;Robot;245
Audi;A5;4625;2110;1798;160;Manual;218
Audi;A5;4625;2145;1798;160;CVT;210
Audi;A5;4625;2155;1968;170;Manual;222
Audi;A5;4625;2130;1984;211;Manual;241
Audi;A5;4625;2155;1984;180;CVT;219
Audi;A5;4625;2155;1984;211;CVT;233
Audi;A5;4625;2235;1984;211;Robot;238
Audi;A5;4625;2260;2698;190;Manual;230
Audi;A5;4625;2285;2698;190;CVT;222
Audi;A5;4625;2360;2967;240;Robot;247
Audi;A5;4625;2210;3197;265;CVT;246
Audi;A5;4625;2285;3197;265;Robot;250
Audi;A5;4625;1920;1798;160;Manual;226
Audi;A5;4625;1895;1798;170;Manual;228
Audi;A5;4625;1955;1798;160;CVT;216
Audi;A5;4625;1935;1798;170;CVT;218
Audi;A5;4625;1975;1968;170;Manual;230
Audi;A5;4625;2040;1968;170;Manual;228
Audi;A5;4625;1930;1984;180;Manual;236
Audi;A5;4625;1930;1984;211;Manual;250
Audi;A5;4625;2000;1984;211;Manual;246
Audi;A5;4625;1960;1984;180;CVT;226
Audi;A5;4625;1965;1984;211;CVT;240
Audi;A5;4625;2050;1984;211;Robot;245
Audi;A5;4625;2050;2698;190;Manual;239
Audi;A5;4625;2075;2698;190;CVT;232
Audi;A5;4625;2120;2967;240;Manual;250
Audi;A5;4625;2160;2967;240;Robot;250
Audi;A5;4625;2040;3197;265;Manual;250
Audi;A5;4625;2000;3197;265;CVT;250
Audi;A5;4625;2075;3197;265;Automático;250
Audi;A5;4711;2020;1798;160;Manual;223
Audi;A5;4711;2050;1798;160;CVT;214
Audi;A5;4711;2060;1968;143;Manual;212
Audi;A5;4711;2060;1968;170;Manual;228
Audi;A5;4711;2130;1968;170;Manual;223
Audi;A5;4711;2085;1968;143;CVT;205
Audi;A5;4711;2030;1984;180;Manual;233
Audi;A5;4711;2035;1984;211;Manual;245
Audi;A5;4711;2105;1984;211;Manual;242
Audi;A5;4711;2055;1984;180;CVT;222
Audi;A5;4711;2060;1984;211;CVT;234
Audi;A5;4711;2145;1984;211;Robot;241
Audi;A5;4711;2150;2698;190;Manual;235
Audi;A5;4711;2170;2698;190;CVT;224
Audi;A5;4711;2215;2967;240;Manual;250
Audi;A5;4711;2250;2967;240;Robot;250
Audi;A5;4711;2180;3197;265;Robot;250
Audi;A5;4626;2120;1798;170;Manual;222
Audi;A5;4626;2120;1798;177;Manual;222
Audi;A5;4626;2155;1798;170;CVT;213
Audi;A5;4626;2155;1798;177;CVT;213
Audi;A5;4626;2155;1968;143;Manual;210
Audi;A5;4626;2155;1968;150;Manual;210
Audi;A5;4626;2155;1968;177;Manual;222
Audi;A5;4626;2210;1968;190;Manual;234
Audi;A5;4626;2220;1968;177;Manual;221
Audi;A5;4626;2275;1968;190;Manual;231
Audi;A5;4626;2180;1968;177;CVT;220
Audi;A5;4626;2245;1968;190;CVT;226
Audi;A5;4626;2130;1984;211;Manual;241
Audi;A5;4626;2130;1984;225;Manual;245
Audi;A5;4626;2130;1984;230;Manual;246
Audi;A5;4626;2160;1984;211;CVT;233
Audi;A5;4626;2160;1984;225;CVT;235
Audi;A5;4626;2160;1984;230;CVT;236
Audi;A5;4626;2235;1984;211;Robot;238
Audi;A5;4626;2235;1984;225;Robot;240
Audi;A5;4626;2235;1984;230;Robot;241
Audi;A5;4626;2400;2967;245;Robot;250
Audi;A5;4626;2260;2967;204;CVT;230
Audi;A5;4626;2140;2967;245;Robot;250
Audi;A5;4626;2350;2995;272;Robot;250
Audi;A5;4626;1925;1798;170;Manual;230
Audi;A5;4626;1925;1798;177;Manual;231
Audi;A5;4626;1955;1798;170;CVT;228
Audi;A5;4626;1955;1798;177;CVT;229
Audi;A5;4626;1975;1968;163;Manual;225
Audi;A5;4626;1970;1968;177;Manual;230
Audi;A5;4626;2025;1968;190;Manual;240
Audi;A5;4626;2035;1968;177;Manual;228
Audi;A5;4626;2090;1968;190;Manual;235
Audi;A5;4626;1995;1968;177;CVT;225
Audi;A5;4626;2060;1968;190;CVT;230
Audi;A5;4626;2075;1968;177;Robot;225
Audi;A5;4626;2130;1968;190;Robot;235
Audi;A5;4626;1930;1984;211;Manual;250
Audi;A5;4626;1930;1984;225;Manual;250
Audi;A5;4626;1930;1984;230;Manual;250
Audi;A5;4626;2010;1984;211;Manual;246
Audi;A5;4626;2010;1984;225;Manual;250
Audi;A5;4626;1975;1984;211;CVT;240
Audi;A5;4626;1975;1984;225;CVT;242
Audi;A5;4626;1975;1984;230;CVT;243
Audi;A5;4626;2010;1984;230;Manual;250
Audi;A5;4626;2040;1984;230;Robot;250
Audi;A5;4626;2050;1984;211;Robot;245
Audi;A5;4626;2040;1984;225;Robot;250
Audi;A5;4626;2195;2967;245;Robot;250
Audi;A5;4626;2040;2967;204;Manual;244
Audi;A5;4626;2105;2967;245;Manual;250
Audi;A5;4626;2065;2967;204;CVT;235
Audi;A5;4626;2140;2967;245;Robot;250
Audi;A5;4626;2150;2995;272;Robot;250
Audi;A5;4712;2040;1798;144;Manual;220
Audi;A5;4712;2040;1798;170;Manual;230
Audi;A5;4712;2040;1798;177;Manual;231
Audi;A5;4712;2090;1798;144;CVT;205
Audi;A5;4712;2075;1798;170;CVT;220
Audi;A5;4712;2075;1798;177;CVT;221
Audi;A5;4712;2070;1968;136;Manual;212
Audi;A5;4712;2065;1968;143;Manual;212
Audi;A5;4712;2065;1968;150;Manual;212
Audi;A5;4712;2070;1968;163;Manual;221
Audi;A5;4712;2065;1968;177;Manual;228
Audi;A5;4712;2145;1968;177;Manual;223
Audi;A5;4712;2090;1968;143;CVT;205
Audi;A5;4712;2090;1968;150;CVT;205
Audi;A5;4712;2090;1968;177;CVT;225
Audi;A5;4712;2175;1968;177;Robot;222
Audi;A5;4712;2050;1984;211;Manual;245
Audi;A5;4712;2050;1984;225;Manual;250
Audi;A5;4712;2050;1984;230;Manual;250
Audi;A5;4712;2120;1984;211;Manual;242
Audi;A5;4712;2120;1984;225;Manual;245
Audi;A5;4712;2120;1984;230;Manual;246
Audi;A5;4712;2080;1984;211;CVT;234
Audi;A5;4712;2080;1984;225;CVT;236
Audi;A5;4712;2080;1984;230;CVT;237
Audi;A5;4712;2165;1984;211;Robot;241
Audi;A5;4712;2165;1984;225;Robot;245
Audi;A5;4712;2165;1984;230;Robot;246
Audi;A5;4712;2300;2967;245;Robot;250
Audi;A5;4712;2145;2967;204;Manual;240
Audi;A5;4712;2210;2967;245;Manual;250
Audi;A5;4712;2170;2967;204;CVT;235
Audi;A5;4712;2245;2967;245;Robot;250
Audi;A5;4712;2265;2995;272;Robot;250
Audi;A6;4796;2005;1781;125;Automático;195
Audi;A6;4796;1975;1781;125;Manual;200
Audi;A6;4796;2025;1781;150;Manual;215
Audi;A6;4796;2025;1781;180;Manual;228
Audi;A6;4796;2120;1781;150;Manual;214
Audi;A6;4796;2120;1781;180;Manual;225
Audi;A6;4796;2075;1781;150;CVT;212
Audi;A6;4796;2075;1781;150;Automático;211
Audi;A6;4796;2200;1781;180;Automático;219
Audi;A6;4796;2060;1896;110;Automático;189
Audi;A6;4796;2050;1896;110;Manual;192
Audi;A6;4796;2075;1896;115;Manual;194
Audi;A6;4796;2060;2393;165;Manual;220
Audi;A6;4796;2170;2393;165;Manual;218
Audi;A6;4796;2115;2393;165;Automático;215
Audi;A6;4796;2230;2393;165;Automático;212
Audi;A6;4796;2155;2496;150;Manual;216
Audi;A6;4796;2260;2496;150;Manual;214
Audi;A6;4796;2280;2496;180;Manual;221
Audi;A6;4796;2185;2496;150;Automático;210
Audi;A6;4796;2200;2496;180;Automático;219
Audi;A6;4796;2295;2496;150;Automático;207
Audi;A6;4796;2315;2496;180;Automático;217
Audi;A6;4796;2160;2671;230;Manual;245
Audi;A6;4796;2270;2671;230;Manual;243
Audi;A6;4796;2200;2671;230;Automático;242
Audi;A6;4796;2310;2671;230;Automático;240
Audi;A6;4796;2090;2771;193;Manual;234
Audi;A6;4796;2195;2771;193;Manual;232
Audi;A6;4796;2135;2771;193;CVT;228
Audi;A6;4796;2140;2771;193;Automático;229
Audi;A6;4796;2255;2771;193;Automático;227
Audi;A6;4833;2220;3697;260;Automático;250
Audi;A6;4833;2300;3697;260;Automático;245
Audi;A6;4833;2365;4172;300;Automático;250
Audi;A6;4796;1900;1781;125;Manual;203
Audi;A6;4796;1970;1781;150;Manual;217
Audi;A6;4796;1970;1781;180;Manual;230
Audi;A6;4796;2060;1781;150;Manual;216
Audi;A6;4796;2060;1781;180;Manual;227
Audi;A6;4796;2020;1781;150;CVT;214
Audi;A6;4796;1950;1781;125;Automático;198
Audi;A6;4796;2020;1781;150;Automático;213
Audi;A6;4796;1970;1781;180;Automático;
Audi;A6;4796;1995;1896;110;Manual;194
Audi;A6;4796;2020;1896;115;Manual;196
Audi;A6;4796;2010;1896;110;Automático;190
Audi;A6;4796;2020;1896;115;Automático;196
Audi;A6;4796;2010;2393;136;Manual;
Audi;A6;4796;;2393;163;Manual;
Audi;A6;4796;2030;2393;165;Manual;222
Audi;A6;4796;2010;2393;165;Manual;222
Audi;A6;4796;2010;2393;165;Manual;220
Audi;A6;4796;2135;2393;165;Manual;218
Audi;A6;4796;2080;2393;165;CVT;218
Audi;A6;4796;2010;2393;136;Automático;
Audi;A6;4796;;2393;163;Automático;
Audi;A6;4796;2010;2393;165;Automático;217
Audi;A6;4796;2010;2393;165;Automático;214
Audi;A6;4796;2190;2393;165;Automático;212
Audi;A6;4796;2030;2496;150;Manual;218
Audi;A6;4796;2100;2496;150;Manual;218
Audi;A6;4796;2225;2496;180;Manual;223
Audi;A6;4796;2205;2496;150;Manual;216
Audi;A6;4796;2225;2496;180;Manual;223
Audi;A6;4796;2120;2496;150;Automático;212
Audi;A6;4796;2145;2496;180;Automático;221
Audi;A6;4796;2240;2496;150;Automático;210
Audi;A6;4796;2260;2496;180;Automático;219
Audi;A6;4796;2120;2671;230;Manual;247
Audi;A6;4796;2210;2671;250;Manual;248
Audi;A6;4796;2210;2671;230;Manual;245
Audi;A6;4796;2215;2671;230;Manual;245
Audi;A6;4796;;2671;250;Manual;209
Audi;A6;4796;2160;2671;230;Automático;244
Audi;A6;4796;2150;2671;230;Automático;244
Audi;A6;4796;2210;2671;250;Automático;244
Audi;A6;4796;2150;2671;230;Automático;242
Audi;A6;4796;2255;2671;230;Automático;242
Audi;A6;4796;2255;2671;250;Automático;245
Audi;A6;4796;2040;2771;193;Manual;236
Audi;A6;4796;2035;2771;193;Manual;236
Audi;A6;4796;2140;2771;193;Manual;232
Audi;A6;4796;2140;2771;193;Manual;234
Audi;A6;4796;2080;2771;193;CVT;230
Audi;A6;4796;2085;2771;193;Automático;231
Audi;A6;4796;2200;2771;193;Automático;229
Audi;A6;4796;2200;2771;193;Automático;227
Audi;A6;4833;2220;3697;260;Automático;250
Audi;A6;4833;2300;3697;260;Automático;245
Audi;A6;4833;2290;4172;300;Automático;250
Audi;A6;4796;2040;1781;150;Manual;216
Audi;A6;4796;2145;1781;150;Manual;212
Audi;A6;4796;2075;1781;150;CVT;212
Audi;A6;4796;2085;1896;130;Manual;203
Audi;A6;4796;2090;1896;130;Manual;201
Audi;A6;4796;2125;1896;130;CVT;203
Audi;A6;4796;2000;1984;130;Manual;203
Audi;A6;4796;2040;1984;130;CVT;196
Audi;A6;4796;2085;2393;170;Manual;222
Audi;A6;4796;2190;2393;170;Manual;218
Audi;A6;4796;2120;2393;170;CVT;218
Audi;A6;4796;2240;2393;170;Automático;212
Audi;A6;4796;2165;2496;155;Manual;217
Audi;A6;4796;2165;2496;163;Manual;220
Audi;A6;4796;2280;2496;180;Manual;221
Audi;A6;4796;2195;2496;155;CVT;210
Audi;A6;4796;2195;2496;163;CVT;215
Audi;A6;4796;2200;2496;180;Automático;219
Audi;A6;4796;2315;2496;180;Automático;217
Audi;A6;4796;2270;2671;250;Manual;246
Audi;A6;4796;2310;2671;250;Automático;243
Audi;A6;4796;2085;2976;220;Manual;241
Audi;A6;4796;2195;2976;220;Manual;238
Audi;A6;4796;2125;2976;220;CVT;236
Audi;A6;4796;2245;2976;220;Automático;235
Audi;A6;4833;2355;4172;300;Automático;250
Audi;A6;4796;1980;1781;150;Manual;216
Audi;A6;4796;2090;1781;150;Manual;214
Audi;A6;4796;2020;1781;150;CVT;214
Audi;A6;4796;2030;1896;130;Manual;203
Audi;A6;4796;2040;1896;130;Manual;203
Audi;A6;4796;2070;1896;130;CVT;200
Audi;A6;4796;1945;1984;130;Manual;205
Audi;A6;4796;1980;1984;130;CVT;198
Audi;A6;4796;2030;2393;170;Manual;224
Audi;A6;4796;2135;2393;170;Manual;220
Audi;A6;4796;2065;2393;170;CVT;220
Audi;A6;4796;2190;2393;170;Automático;214
Audi;A6;4796;2110;2496;155;Manual;219
Audi;A6;4796;2110;2496;163;Manual;222
Audi;A6;4796;2225;2496;180;Manual;223
Audi;A6;4796;2110;2496;163;Manual;
Audi;A6;4796;2225;2496;180;Manual;223
Audi;A6;4796;2140;2496;155;CVT;219
Audi;A6;4796;2140;2496;163;CVT;217
Audi;A6;4796;2145;2496;180;Automático;221
Audi;A6;4796;;2496;163;Automático;
Audi;A6;4796;2260;2496;180;Automático;215
Audi;A6;4796;2210;2671;250;Manual;248
Audi;A6;4796;2255;2671;250;Automático;245
Audi;A6;4796;2030;2976;220;Manual;243
Audi;A6;4796;2140;2976;220;Manual;240
Audi;A6;4796;2070;2976;220;CVT;238
Audi;A6;4796;2190;2976;220;Automático;237
Audi;A6;4833;2290;4172;300;Automático;250
Audi;A6;4934;2505;2698;180;Automático;215
Audi;A6;4934;2495;2967;233;Manual;231
Audi;A6;4934;2510;2967;233;Automático;230
Audi;A6;4934;2390;3123;255;Manual;242
Audi;A6;4934;2430;3123;255;Automático;240
Audi;A6;4934;2510;4163;350;Automático;250
Audi;A6;4933;2240;1968;140;Manual;210
Audi;A6;4933;2240;1968;170;Manual;221
Audi;A6;4933;2265;1968;140;CVT;201
Audi;A6;4933;2240;1968;170;CVT;214
Audi;A6;4933;2220;1984;170;Manual;227
Audi;A6;4933;2220;1984;170;CVT;220
Audi;A6;4933;2225;2393;177;Manual;231
Audi;A6;4933;2315;2393;177;Manual;223
Audi;A6;4933;2225;2393;177;CVT;226
Audi;A6;4933;2315;2393;177;Automático;
Audi;A6;4933;2325;2698;180;Manual;227
Audi;A6;4933;2445;2698;180;Manual;223
Audi;A6;4933;2355;2698;180;CVT;227
Audi;A6;4933;2445;2698;180;CVT;223
Audi;A6;4933;2205;2698;180;Automático;227
Audi;A6;4933;2445;2698;180;Automático;223
Audi;A6;4933;2240;2773;210;Manual;237
Audi;A6;4933;2270;2773;210;CVT;233
Audi;A6;4933;2370;2773;210;Automático;232
Audi;A6;4933;2085;2976;218;Manual;241
Audi;A6;4933;2195;2976;218;Manual;238
Audi;A6;4933;2125;2976;218;CVT;236
Audi;A6;4933;2435;2967;225;Manual;245
Audi;A6;4933;2435;2967;233;Manual;247
Audi;A6;4933;2455;2967;225;Automático;243
Audi;A6;4933;2455;2967;233;Automático;242
Audi;A6;4933;2245;2976;218;Automático;235
Audi;A6;4933;2240;3123;255;Manual;250
Audi;A6;4933;2330;3123;255;Manual;250
Audi;A6;4933;2270;3123;255;CVT;250
Audi;A6;4933;2370;3123;255;Automático;250
Audi;A6;4933;2350;4163;350;Manual;250
Audi;A6;4933;2460;4163;350;Automático;250
Audi;A6;4933;2435;4163;335;Manual;250
Audi;A6;4933;2435;4163;335;Automático;250
Audi;A6;4916;2120;1968;140;Manual;210
Audi;A6;4916;2145;1968;140;CVT;204
Audi;A6;4916;2100;1984;170;Manual;227
Audi;A6;4916;2130;1984;170;CVT;220
Audi;A6;4916;2205;2393;177;Automático;230
Audi;A6;4916;2135;2393;177;CVT;226
Audi;A6;4916;2105;2393;177;Manual;231
Audi;A6;4916;2205;2393;177;Manual;230
Audi;A6;4916;2205;2698;180;Manual;230
Audi;A6;4916;2335;2698;180;Manual;228
Audi;A6;4916;2235;2698;180;CVT;225
Audi;A6;4916;2235;2698;180;Automático;225
Audi;A6;4916;2120;2773;210;Manual;243
Audi;A6;4916;2250;2773;210;Manual;
Audi;A6;4916;2150;2773;210;CVT;238
Audi;A6;4916;2150;2773;210;Automático;237
Audi;A6;4916;2240;2976;220;Automático;241
Audi;A6;4916;2240;2976;218;Manual;240
Audi;A6;4916;2150;2976;218;CVT;240
Audi;A6;4916;2325;2967;225;Manual;245
Audi;A6;4916;2345;2967;225;Automático;245
Audi;A6;4916;2325;2967;225;Manual;245
Audi;A6;4916;2325;2967;233;Manual;247
Audi;A6;4916;2345;2967;225;Automático;245
Audi;A6;4916;2345;2967;233;Automático;247
Audi;A6;4916;2240;2976;218;Automático;241
Audi;A6;4916;2120;3123;249;Manual;250
Audi;A6;4916;2120;3123;255;Manual;250
Audi;A6;4916;2220;3123;249;Manual;250
Audi;A6;4916;2220;3123;255;Manual;250
Audi;A6;4916;2150;3123;249;CVT;250
Audi;A6;4916;2150;3123;255;CVT;250
Audi;A6;4916;2260;3123;249;Automático;250
Audi;A6;4916;2260;3123;255;Automático;250
Audi;A6;4916;2350;4163;350;Manual;250
Audi;A6;4916;2350;4163;350;Automático;250
Audi;A6;4916;2325;4163;335;Manual;250
Audi;A6;4916;2325;4163;335;Automático;250
Audi;A6;4934;2500;2698;190;Automático;218
Audi;A6;4934;2495;2967;240;Manual;233
Audi;A6;4934;2510;2967;240;Automático;233
Audi;A6;4934;2470;2995;290;Automático;250
Audi;A6;4934;2510;4163;350;Automático;250
Audi;A6;4927;2265;1968;136;Manual;208
Audi;A6;4927;2280;1968;170;Manual;225
Audi;A6;4927;2290;1968;136;CVT;204
Audi;A6;4927;2290;1968;170;CVT;218
Audi;A6;4927;2235;1984;170;Manual;227
Audi;A6;4927;2265;1984;170;CVT;220
Audi;A6;4927;2350;2698;190;Manual;232
Audi;A6;4927;2365;2698;190;CVT;223
Audi;A6;4927;2460;2698;190;Automático;226
Audi;A6;4927;2265;2773;190;Manual;238
Audi;A6;4927;2345;2773;190;Manual;237
Audi;A6;4927;2285;2773;190;CVT;233
Audi;A6;4927;2285;2773;220;CVT;240
Audi;A6;4927;2385;2773;220;Automático;240
Audi;A6;4927;2450;2967;240;Manual;250
Audi;A6;4927;2475;2967;240;Automático;250
Audi;A6;4927;2435;2995;290;Automático;250
Audi;A6;4927;2350;4163;350;Manual;250
Audi;A6;4927;2460;4163;350;Automático;250
Audi;A6;4927;2130;1968;136;Manual;208
Audi;A6;4927;2145;1968;170;Manual;225
Audi;A6;4927;2155;1968;136;CVT;204
Audi;A6;4927;2170;1968;170;CVT;218
Audi;A6;4927;2100;1984;170;Manual;228
Audi;A6;4927;2130;1984;170;CVT;224
Audi;A6;4927;2215;2698;190;Manual;232
Audi;A6;4927;2240;2698;190;CVT;227
Audi;A6;4927;2345;2698;190;Automático;230
Audi;A6;4927;2130;2773;190;Manual;238
Audi;A6;4927;2220;2773;190;Manual;237
Audi;A6;4927;2150;2773;190;CVT;233
Audi;A6;4927;2150;2773;220;CVT;240
Audi;A6;4927;2345;2773;190;Automático;230
Audi;A6;4927;2150;2773;220;Automático;240
Audi;A6;4927;2340;2967;239;Manual;250
Audi;A6;4927;2365;2967;239;Automático;250
Audi;A6;4927;2305;2995;290;Automático;250
Audi;A6;4927;2350;4163;350;Automático;250
Audi;A6;4940;2530;2967;245;Robot;236
Audi;A6;4940;2505;2967;204;Robot;223
Audi;A6;4940;2505;2967;245;Robot;236
Audi;A6;4940;2560;2967;313;Automático;250
Audi;A6;4940;2505;2995;310;Robot;250
Audi;A6;4926;2270;1968;136;Manual;204
Audi;A6;4926;2270;1968;177;Manual;228
Audi;A6;4926;2320;1968;190;Manual;226
Audi;A6;4926;2270;1968;136;CVT;200
Audi;A6;4926;2280;1968;177;CVT;222
Audi;A6;4926;2355;1968;190;Robot;226
Audi;A6;4926;2235;1984;180;Manual;232
Audi;A6;4926;2260;1984;180;CVT;226
Audi;A6;4926;2260;2773;204;Manual;242
Audi;A6;4926;2290;2773;204;CVT;240
Audi;A6;4926;2360;2773;204;Robot;240
Audi;A6;4926;2455;2967;245;Robot;243
Audi;A6;4926;2320;2967;204;Manual;242
Audi;A6;4926;2420;2967;204;CVT;240
Audi;A6;4926;2420;2967;245;Robot;250
Audi;A6;4926;2420;2967;204;Robot;240
Audi;A6;4926;2480;2967;313;Automático;250
Audi;A6;4926;2350;2995;300;Robot;250
Audi;A6;4926;2420;2995;310;Robot;250
Audi;A6;4915;2155;1968;136;Manual;209
Audi;A6;4915;2155;1968;177;Manual;228
Audi;A6;4915;2205;1968;190;Manual;232
Audi;A6;4915;2165;1968;136;CVT;205
Audi;A6;4915;2165;1968;177;CVT;222
Audi;A6;4915;2205;1968;190;Robot;232
Audi;A6;4915;2320;1984;211;Automático;240
Audi;A6;4915;2120;1984;180;Manual;232
Audi;A6;4915;2145;1984;180;CVT;226
Audi;A6;4915;2190;2773;204;Manual;242
Audi;A6;4915;2190;2773;204;CVT;240
Audi;A6;4915;2290;2773;204;Robot;240
Audi;A6;4915;2370;2967;245;Robot;250
Audi;A6;4915;2205;2967;204;Manual;242
Audi;A6;4915;2225;2967;204;CVT;240
Audi;A6;4915;2330;2967;245;Robot;250
Audi;A6;4915;2330;2967;204;Robot;240
Audi;A6;4915;2400;2967;313;Automático;250
Audi;A6;4915;2350;2995;300;Robot;250
Audi;A6;4915;2350;2995;310;Robot;250
Audi;A6;4938;2520;2967;218;Robot;227
Audi;A6;4938;2520;2967;245;Robot;236
Audi;A6;4938;2525;2967;272;Robot;250
Audi;A6;4938;2585;2967;320;Automático;250
Audi;A6;4938;2505;2995;333;Robot;250
Audi;A6;4943;2230;1798;190;Manual;226
Audi;A6;4943;2265;1798;190;Robot;225
Audi;A6;4943;2320;1968;150;Manual;209
Audi;A6;4943;2320;1968;190;Manual;226
Audi;A6;4943;2355;1968;150;Robot;209
Audi;A6;4943;2315;1968;190;Robot;226
Audi;A6;4943;2290;1984;252;Robot;250
Audi;A6;4933;2355;1984;249;Robot;250
Audi;A6;4943;2290;2773;220;Robot;235
Audi;A6;4933;2390;2967;218;Robot;234
Audi;A6;4933;2460;2967;218;Robot;234
Audi;A6;4943;2390;2967;245;Robot;243
Audi;A6;4943;2465;2967;272;Robot;250
Audi;A6;4943;2530;2967;320;Automático;250
Audi;A6;4943;2560;2967;326;Automático;250
Audi;A6;4943;2445;2995;333;Robot;250
Audi;A6;4933;2115;1798;190;Manual;233
Audi;A6;4933;2150;1798;190;Robot;233
Audi;A6;4933;2205;1968;150;Manual;214
Audi;A6;4933;2205;1968;190;Manual;232
Audi;A6;4933;2240;1968;150;Robot;214
Audi;A6;4933;2200;1968;190;Robot;232
Audi;A6;4933;2175;1984;252;Robot;250
Audi;A6;4933;2270;1984;249;Robot;250
Audi;A6;4933;2175;1984;252;Robot;250
Audi;A6;4933;2360;2773;220;Robot;235
Audi;A6;4933;2275;2967;218;Robot;244
Audi;A6;4933;2375;2967;218;Robot;244
Audi;A6;4933;2375;2967;245;Robot;250
Audi;A6;4933;2380;2967;272;Robot;250
Audi;A6;4933;2445;2967;320;Automático;250
Audi;A6;4933;2475;2967;326;Automático;250
Audi;A6;4933;2360;2995;333;Robot;250
Audi;A6;4797;1985;1781;125;Automático;193
Audi;A6;4797;1970;1781;125;Manual;196
Audi;A6;4797;2070;1781;125;Manual;194
Audi;A6;4797;1995;1896;90;Automático;173
Audi;A6;4797;1980;1896;90;Manual;173
Audi;A6;4797;;1984;101;Automático;
Audi;A6;4797;1970;1984;115;Automático;183
Audi;A6;4797;;1984;140;Automático;
Audi;A6;4797;;1984;140;Automático;
Audi;A6;4797;;1984;101;Manual;
Audi;A6;4797;1955;1984;115;Manual;186
Audi;A6;4797;;1984;140;Manual;
Audi;A6;4797;;1984;140;Manual;
Audi;A6;4797;2030;2309;133;Automático;192
Audi;A6;4797;;2309;133;Automático;
Audi;A6;4797;2015;2309;133;Manual;194
Audi;A6;4797;;2309;133;Manual;
Audi;A6;4797;2060;2461;115;Manual;190
Audi;A6;4797;2060;2461;115;Manual;190
Audi;A6;4797;2090;2461;115;Automático;187
Audi;A6;4797;2090;2461;140;Automático;200
Audi;A6;4797;2060;2461;140;Manual;203
Audi;A6;4797;2160;2461;140;Manual;201
Audi;A6;4797;2080;2598;150;Automático;203
Audi;A6;4797;2195;2598;150;Automático;201
Audi;A6;4797;2040;2598;150;Manual;205
Audi;A6;4797;2140;2598;150;Manual;204
Audi;A6;4797;2085;2771;174;Automático;212
Audi;A6;4797;2085;2771;193;Automático;225
Audi;A6;4797;2195;2771;174;Automático;210
Audi;A6;4797;2200;2771;193;Automático;223
Audi;A6;4797;2045;2771;174;Manual;214
Audi;A6;4797;2045;2771;193;Manual;227
Audi;A6;4797;2140;2771;174;Manual;213
Audi;A6;4797;2150;2771;193;Manual;226
Audi;A6;4797;1935;1781;125;Automático;197
Audi;A6;4797;1920;1781;125;Manual;200
Audi;A6;4797;2020;1781;125;Manual;198
Audi;A6;4797;1905;1781;150;Manual;217
Audi;A6;4797;2000;1781;150;Manual;216
Audi;A6;4797;1955;1781;150;Automático;213
Audi;A6;4797;1945;1896;90;Automático;177
Audi;A6;4797;1930;1896;90;Manual;177
Audi;A6;4797;;1984;101;Automático;
Audi;A6;4797;1920;1984;115;Automático;187
Audi;A6;4797;;1984;140;Automático;
Audi;A6;4797;;1984;140;Automático;
Audi;A6;4797;1895;1984;101;Manual;182
Audi;A6;4797;1905;1984;115;Manual;190
Audi;A6;4797;1905;1984;140;Manual;
Audi;A6;4797;;1984;140;Manual;
Audi;A6;4797;1980;2309;133;Automático;197
Audi;A6;4797;;2309;133;Automático;
Audi;A6;4797;1965;2309;133;Manual;202
Audi;A6;4797;;2309;133;Manual;
Audi;A6;4797;1950;2393;165;Manual;222
Audi;A6;4797;2045;2393;165;Manual;220
Audi;A6;4797;2000;2393;165;Automático;217
Audi;A6;4797;2105;2393;165;Automático;214
Audi;A6;4797;2010;2461;115;Manual;195
Audi;A6;4797;2010;2461;115;Manual;195
Audi;A6;4797;2040;2461;115;Automático;192
Audi;A6;4797;2010;2461;140;Automático;205
Audi;A6;4797;2010;2461;140;Manual;208
Audi;A6;4797;2110;2461;140;Manual;206
Audi;A6;4797;2030;2598;150;Automático;207
Audi;A6;4797;2145;2598;150;Automático;205
Audi;A6;4797;1990;2598;150;Manual;209
Audi;A6;4797;2090;2598;150;Manual;208
Audi;A6;4797;2035;2771;174;Automático;217
Audi;A6;4797;2040;2771;193;Automático;228
Audi;A6;4797;2145;2771;174;Automático;215
Audi;A6;4797;2150;2771;193;Automático;226
Audi;A6;4797;1995;2771;174;Manual;219
Audi;A6;4797;1970;2771;193;Manual;236
Audi;A6;4797;2000;2771;193;Manual;230
Audi;A6;4797;2090;2771;174;Manual;218
Audi;A6;4797;2065;2771;193;Manual;234
Audi;A6;4797;2100;2771;193;Manual;229
Audi;A6;4797;2020;2771;193;Automático;231
Audi;A6;4797;2125;2771;193;Automático;229
Audi;A6;4939;;1968;204;Automático;
Audi;A6;4939;;1968;204;Automático;
Audi;A6;4939;2560;2967;231;Automático;250
Audi;A6;4939;2560;2967;231;Automático;250
Audi;A6;4939;;2995;340;Robot;250
Audi;A6;4939;;1968;204;Automático;
Audi;A6;4939;;1968;204;Automático;
Audi;A6;4939;2475;2967;231;Automático;250
Audi;A6;4939;2475;2967;286;Automático;250
Audi;A6;4939;2400;2995;340;Robot;250
Audi;A7;4969;2470;2995;340;Robot;250
Audi;A7;4969;2270;2773;204;CVT;235
Audi;A7;4969;2270;2773;204;Robot;235
Audi;A7;4969;2320;2967;245;Robot;250
Audi;A7;4969;2320;2967;310;Robot;250
Audi;A7;4974;;1798;190;Robot;230
Audi;A7;4974;2340;1984;252;Robot;250
Audi;A7;4974;2330;1984;249;Robot;250
Audi;A7;4974;2365;2773;220;Robot;235
Audi;A7;4974;2440;2967;190;Robot;229
Audi;A7;4974;2440;2967;218;Robot;241
Audi;A7;4974;2510;2967;218;Robot;239
Audi;A7;4974;2505;2967;245;Robot;250
Audi;A7;4974;2515;2967;272;Robot;250
Audi;A7;4974;2580;2967;320;Automático;250
Audi;A7;4974;2610;2967;326;Automático;250
Audi;A7;4974;2420;2995;333;Robot;250
Audi;A8;5034;2195;2496;150;Manual;220
Audi;A8;5034;2225;2496;150;Automático;214
Audi;A8;5034;2305;2496;150;Automático;213
Audi;A8;5034;2100;2771;174;Automático;225
Audi;A8;5034;2170;2771;174;Automático;225
Audi;A8;5034;2060;2771;174;Manual;228
Audi;A8;5034;2110;2771;193;Manual;236
Audi;A8;5034;2120;2771;174;Manual;228
Audi;A8;5034;2180;2771;193;Manual;235
Audi;A8;5034;2160;2771;193;Automático;233
Audi;A8;5034;2235;2771;193;Automático;232
Audi;A8;5034;2245;3697;230;Automático;247
Audi;A8;5034;2245;3697;260;Automático;250
Audi;A8;5034;2325;3697;230;Automático;245
Audi;A8;5034;2325;3697;260;Automático;250
Audi;A8;5034;2350;4172;300;Automático;250
Audi;A8;5034;2350;4172;310;Automático;250
Audi;A8;5034;2220;2496;150;Manual;220
Audi;A8;5034;2230;2496;180;Manual;227
Audi;A8;5034;2260;2496;150;Automático;214
Audi;A8;5034;2260;2496;180;Automático;225
Audi;A8;5034;2325;2496;150;Automático;213
Audi;A8;5034;2335;2496;180;Automático;224
Audi;A8;5034;2140;2771;193;Manual;236
Audi;A8;5034;2220;2771;193;Manual;235
Audi;A8;5034;2200;2771;193;Automático;233
Audi;A8;5034;2260;2771;193;Automático;232
Audi;A8;5034;2460;3328;225;Automático;242
Audi;A8;5034;2245;3697;260;Automático;250
Audi;A8;5034;2325;3697;260;Automático;250
Audi;A8;5034;2350;4172;310;Automático;250
Audi;A8;5164;2390;4172;310;Automático;250
Audi;A8;5034;2500;5998;420;Automático;250
Audi;A8;5164;2530;5998;420;Automático;250
Audi;A8;5051;2270;2976;220;CVT;242
Audi;A8;5181;2320;2976;220;CVT;242
Audi;A8;5051;2430;2967;233;Automático;243
Audi;A8;5051;2370;3697;280;Automático;250
Audi;A8;5051;2540;3936;275;Automático;250
Audi;A8;5187;2590;3936;275;Automático;250
Audi;A8;5051;2380;4172;335;Automático;250
Audi;A8;5164;2390;4172;310;Automático;250
Audi;A8;5181;2450;4172;335;Automático;250
Audi;A8;5062;2510;5998;450;Automático;250
Audi;A8;5192;2545;5998;450;Automático;250
Audi;A8;5062;2290;2773;210;CVT;238
Audi;A8;5192;2495;2967;233;Automático;243
Audi;A8;5062;2445;2967;233;Automático;243
Audi;A8;5062;2290;3123;260;CVT;250
Audi;A8;5062;2385;3123;260;Automático;250
Audi;A8;5192;2340;3123;260;CVT;250
Audi;A8;5062;2400;4163;350;Automático;250
Audi;A8;5192;2465;4163;350;Automático;250
Audi;A8;5192;2595;4134;326;Automático;250
Audi;A8;5062;2545;4134;326;Automático;250
Audi;A8;5192;2545;5998;450;Automático;250
Audi;A8;5062;2510;5998;450;Automático;250
Audi;A8;5192;2480;2967;233;Automático;243
Audi;A8;5062;2430;2967;233;Automático;243
Audi;A8;5062;2290;3123;260;CVT;250
Audi;A8;5062;2385;3123;260;Automático;250
Audi;A8;5192;2340;3123;260;CVT;250
Audi;A8;5062;2370;3697;280;Automático;250
Audi;A8;5062;2400;4163;350;Automático;250
Audi;A8;5192;2450;4163;350;Automático;250
Audi;A8;5192;2595;4134;326;Automático;250
Audi;A8;5062;2545;4134;326;Automático;250
Audi;A8;5192;2545;5998;450;Automático;250
Audi;A8;5062;2510;5998;450;Automático;250
Audi;A8;5137;2520;1984;211;Automático;235
Audi;A8;5267;;2967;250;Automático;250
Audi;A8;5137;;2967;250;Automático;250
Audi;A8;5137;2505;2967;204;Automático;235
Audi;A8;5267;2530;2995;290;Automático;250
Audi;A8;5267;;2995;333;Automático;250
Audi;A8;5137;2520;2995;290;Automático;250
Audi;A8;5137;;2995;333;Automático;250
Audi;A8;5267;2595;3993;420;Automático;250
Audi;A8;5137;2545;3993;420;Automático;250
Audi;A8;5267;2535;4163;372;Automático;250
Audi;A8;5137;2525;4163;372;Automático;250
Audi;A8;5267;2670;4134;350;Automático;250
Audi;A8;5137;2670;4134;350;Automático;250
Audi;A8;5267;2655;6299;500;Automático;250
Audi;A8;5265;2540;2967;250;Automático;250
Audi;A8;5265;2585;2967;258;Automático;250
Audi;A8;5135;2530;2967;250;Automático;250
Audi;A8;5135;2570;2967;258;Automático;250
Audi;A8;5265;2530;2995;310;Automático;250
Audi;A8;5135;2520;2995;310;Automático;250
Audi;A8;5265;2625;3993;435;Automático;250
Audi;A8;5135;2570;3993;435;Automático;250
Audi;A8;5265;2720;4134;385;Automático;250
Audi;A8;5135;2705;4134;385;Automático;250
Audi;A8;5265;2675;6299;500;Automático;250
Audi;A8;5302;2700;2967;286;Automático;250
Audi;A8;5172;2690;2967;286;Automático;250
Audi;A8;5302;2745;2995;340;Automático;250
Audi;A8;5172;2680;2995;340;Automático;250
Audi;Allroad;4810;2445;2496;163;Manual;203
Audi;Allroad;4810;2420;2496;180;Manual;207
Audi;Allroad;4810;2420;2496;180;Automático;205
Audi;Allroad;4810;2425;2671;250;Manual;236
Audi;Allroad;4810;2425;2671;250;Automático;234
Audi;Allroad;4810;2490;4163;300;Automático;240
Audi;Cabriolet;4366;1770;1781;125;Manual;195
Audi;Cabriolet;4366;1800;1896;90;Manual;175
Audi;Cabriolet;4366;1750;1984;115;Manual;187
Audi;Cabriolet;4366;1855;2598;150;Manual;209
Audi;Cabriolet;4366;1855;2771;174;Manual;218
Audi;Coupe;4496;1440;1781;90;Manual;174
Audi;Coupe;4496;1510;1994;115;Automático;186
Audi;Coupe;4496;1510;1994;115;Manual;186
Audi;Coupe;4496;;2144;130;Automático;196
Audi;Coupe;4496;;2144;130;Manual;196
Audi;Coupe;4496;1520;2226;116;Manual;188
Audi;Coupe;4421;1520;2226;136;Manual;
Audi;Coupe;4496;1660;2226;120;Manual;191
Audi;Coupe;4366;1690;1984;140;Manual;207
Audi;Coupe;4366;1650;1984;115;Automático;196
Audi;Coupe;4366;1650;1984;115;Manual;196
Audi;Coupe;4401;1955;2226;230;Manual;248
Audi;Coupe;4366;1630;2309;133;Automático;202
Audi;Coupe;4366;1660;2309;167;Automático;218
Audi;Coupe;4366;1660;2309;167;Manual;220
Audi;Coupe;4366;1780;2309;167;Manual;220
Audi;Coupe;4366;1740;2309;133;Manual;206
Audi;Coupe;4366;1630;2309;133;Manual;206
Audi;Coupe;4366;1735;2598;150;Automático;214
Audi;Coupe;4366;1735;2598;150;Manual;214
Audi;Coupe;4366;1860;2598;150;Manual;212
Audi;Coupe;4366;1735;2771;174;Automático;222
Audi;Coupe;4366;1735;2771;174;Manual;222
Audi;Coupe;4366;1860;2771;174;Manual;222
Audi;Q2;4191;1765;999;116;Manual;197
Audi;Q2;4191;1800;999;116;Robot;197
Audi;Q2;4191;1825;1395;150;Manual;212
Audi;Q2;4191;1840;1395;150;Robot;212
Audi;Q2;4191;1870;1598;116;Manual;197
Audi;Q2;4191;1880;1598;116;Robot;197
Audi;Q2;4191;2035;1968;150;Robot;211
Audi;Q2;4191;2040;1968;190;Robot;218
Audi;Q2;4191;1990;1984;190;Robot;228
Audi;Q3;4385;1985;1395;150;Manual;203
Audi;Q3;4385;2005;1395;150;Robot;200
Audi;Q3;4385;2110;1968;177;Robot;212
Audi;Q3;4385;2110;1984;170;Manual;212
Audi;Q3;4385;2155;1984;170;Robot;212
Audi;Q3;4385;2165;1984;211;Robot;230
Audi;Q3;4388;1985;1395;150;Manual;204
Audi;Q3;4388;2005;1395;150;Robot;204
Audi;Q3;4388;2140;1984;184;Robot;219
Audi;Q3;4388;2140;1984;180;Robot;217
Audi;Q3;4388;2165;1984;220;Robot;233
Audi;Q5;4663;2400;1968;190;Robot;218
Audi;Q5;4663;2400;1984;249;Robot;237
Audi;Q5;4629;2430;1968;170;Robot;200
Audi;Q5;4629;2260;1968;143;Manual;192
Audi;Q5;4629;2365;1968;143;Manual;190
Audi;Q5;4629;2365;1968;170;Manual;204
Audi;Q5;4629;2430;1968;170;Robot;200
Audi;Q5;4629;2490;1984;245;Automático;225
Audi;Q5;4629;2330;1984;180;Manual;210
Audi;Q5;4629;2330;1984;211;Manual;222
Audi;Q5;4629;2365;1984;211;Automático;222
Audi;Q5;4629;2490;2967;240;Robot;225
Audi;Q5;4629;2415;3197;270;Robot;234
Audi;Q5;4629;2260;1968;143;Manual;192
Audi;Q5;4629;2260;1968;150;Manual;192
Audi;Q5;4629;2365;1968;150;Manual;190
Audi;Q5;4629;2365;1968;177;Manual;204
Audi;Q5;4629;2505;1968;177;Robot;200
Audi;Q5;4629;2490;1984;211;Automático;225
Audi;Q5;4629;2330;1984;180;Manual;210
Audi;Q5;4629;2330;1984;225;Manual;222
Audi;Q5;4629;2340;1984;230;Manual;228
Audi;Q5;4629;2380;1984;180;Automático;205
Audi;Q5;4629;2365;1984;225;Automático;222
Audi;Q5;4629;2380;1984;230;Automático;228
Audi;Q5;4629;2490;2967;258;Robot;230
Audi;Q5;4629;2470;2967;245;Robot;225
Audi;Q5;4629;2450;2995;272;Automático;234
Audi;Q7;5086;2990;2967;233;Automático;216
Audi;Q7;5086;2990;2967;240;Automático;210
Audi;Q7;5086;3120;2967;240;Automático;210
Audi;Q7;5086;2900;3597;280;Automático;225
Audi;Q7;5086;3030;3597;280;Automático;225
Audi;Q7;5086;2935;4163;350;Automático;244
Audi;Q7;5086;3065;4163;350;Automático;244
Audi;Q7;5086;3115;4134;326;Automático;236
Audi;Q7;5086;3245;4134;326;Automático;236
Audi;Q7;5086;3405;5934;500;Automático;250
Audi;Q7;5089;3045;2967;245;Automático;215
Audi;Q7;5089;2995;2967;204;Automático;202
Audi;Q7;5089;2995;2967;245;Automático;215
Audi;Q7;5089;2945;2995;272;Automático;222
Audi;Q7;5089;2965;2995;333;Automático;243
Audi;Q7;5089;2930;3597;280;Automático;225
Audi;Q7;5089;2965;4163;350;Automático;244
Audi;Q7;5089;3135;4134;340;Automático;242
Audi;Q7;5089;3405;5934;500;Automático;250
Audi;Q7;5052;2680;1984;252;Automático;233
Audi;Q7;5052;2759;2967;249;Automático;225
Audi;Q7;5052;2740;2995;333;Automático;250
Audi;Q8;4986;;2967;286;Automático;
Audi;Q8;4986;;2995;340;Automático;
Audi;Quattro;4165;1300;2134;300;Manual;250
Audi;Quattro;4400;1760;2144;200;Manual;220
Audi;Quattro;4405;1840;2226;220;Manual;230
Audi;Quattro;4400;1760;2144;200;Manual;220
Audi;R8;4434;1825;5204;560;Robot;320
Audi;R8;4434;1940;5204;560;Robot;317
Audi;R8;4435;1860;4163;430;Manual;301
Audi;R8;4435;1860;4163;430;Robot;302
Audi;R8;4435;1905;5204;525;Manual;313
Audi;R8;4435;1910;5204;525;Robot;316
Audi;R8;4434;1960;4163;430;Manual;299
Audi;R8;4434;1965;4163;430;Robot;301
Audi;R8;4434;2020;5204;525;Manual;316
Audi;R8;4434;2025;5204;525;Robot;320
Audi;R8;4440;1860;4163;430;Manual;302
Audi;R8;4440;1885;4163;430;Robot;300
Audi;R8;4440;1920;5204;525;Manual;316
Audi;R8;4440;1870;5204;550;Manual;319
Audi;R8;4440;1945;5204;525;Robot;314
Audi;R8;4440;1895;5204;550;Robot;317
Audi;R8;4440;1960;4163;430;Manual;300
Audi;R8;4440;1985;4163;430;Robot;300
Audi;R8;4440;2045;5204;525;Manual;311
Audi;R8;4440;2045;5204;525;Robot;311
Audi;R8;4426;1940;5204;540;Robot;320
Audi;R8;4426;1895;5204;610;Robot;330
Audi;R8;4426;;5204;548;Robot;320
Audi;R8;4426;;5204;619;Robot;330
Audi;RS 3;4302;;2480;340;Robot;250
Audi;RS 3;4479;2005;2480;400;Robot;250
Audi;RS 3;4335;2010;2480;400;Robot;250
Audi;RS 4;4525;2170;2671;380;Manual;250
Audi;RS 4;4586;2260;4163;420;Manual;250
Audi;RS 4;4555;2305;4163;420;Manual;250
Audi;RS 4;4589;2260;4163;420;Manual;250
Audi;RS 4;4719;2365;4163;450;Robot;250
Audi;RS 4;4725;2305;2894;450;Automático;250
Audi;RS 5;4649;2225;4163;450;Robot;250
Audi;RS 5;4649;2420;4163;450;Robot;250
Audi;RS 5;4649;2215;4163;450;Robot;250
Audi;RS 5;4723;2195;2894;450;Automático;250
Audi;RS 6;4852;2355;4172;450;Automático;250
Audi;RS 6;4858;2380;4172;450;Automático;250
Audi;RS 6;4928;2655;4991;580;Automático;250
Audi;RS 6;4928;2565;4991;580;Automático;250
Audi;RS 6;4979;2565;3993;560;Automático;250
Audi;RS 6;4979;2580;3993;605;Automático;250
Audi;RS 6;4979;;3993;560;Automático;250
Audi;RS 7;5012;2505;3993;560;Automático;250
Audi;RS 7;5012;2515;3993;605;Automático;250
Audi;RS 7;5012;2515;3993;560;Automático;250
Audi;RS Q3;4410;2215;2480;310;Robot;250
Audi;RS Q3;4411;2215;2480;340;Robot;250
Audi;S2;4400;1880;2226;220;Manual;248
Audi;S2;4400;1955;2226;230;Manual;248
Audi;S2;4510;2020;2226;230;Manual;242
Audi;S3;4159;1980;1781;210;Manual;238
Audi;S3;4159;1980;1781;225;Manual;243
Audi;S3;4214;2015;1984;265;Manual;250
Audi;S3;4230;2015;1984;256;Manual;250
Audi;S3;4230;2015;1984;256;Robot;250
Audi;S3;4302;2055;1984;256;Manual;250
Audi;S3;4302;2075;1984;256;Robot;250
Audi;S3;4434;2060;1984;300;Robot;250
Audi;S3;4254;1955;1984;300;Manual;250
Audi;S3;4254;1975;1984;300;Robot;250
Audi;S3;4469;1985;1984;300;Manual;250
Audi;S3;4469;2005;1984;300;Robot;250
Audi;S3;4310;1985;1984;300;Manual;250
Audi;S3;4310;2005;1984;300;Robot;250
Audi;S4;4790;2160;2226;230;Automático;230
Audi;S4;4790;2160;2226;230;Manual;235
Audi;S4;4790;2280;4172;280;Manual;247
Audi;S4;4790;2160;2226;230;Automático;239
Audi;S4;4790;2160;2226;230;Manual;244
Audi;S4;4790;2230;4172;280;Manual;249
Audi;S4;4488;2120;2671;265;Manual;250
Audi;S4;4483;2090;2671;265;Manual;250
Audi;S4;4575;2270;4163;344;Manual;250
Audi;S4;4575;2305;4163;344;Automático;250
Audi;S4;4573;2315;4163;344;Manual;250
Audi;S4;4573;2355;4163;344;Automático;250
Audi;S4;4575;2210;4163;344;Manual;250
Audi;S4;4575;2255;4163;344;Automático;250
Audi;S4;4586;2270;4163;344;Manual;250
Audi;S4;4586;2305;4163;344;Automático;250
Audi;S4;4573;2315;4163;344;Manual;250
Audi;S4;4573;2355;4163;344;Automático;250
Audi;S4;4586;2210;4163;344;Manual;250
Audi;S4;4586;2255;4163;344;Automático;250
Audi;S4;4717;2275;2995;333;Manual;250
Audi;S4;4717;2305;2995;333;Robot;250
Audi;S4;4717;2200;2995;333;Manual;250
Audi;S4;4717;2235;2995;333;Robot;250
Audi;S4;4719;2320;2995;333;Robot;250
Audi;S4;4716;2255;2995;333;Robot;250
Audi;S5;4692;2115;2995;354;Automático;250
Audi;S5;4752;2230;2995;354;Automático;250
Audi;S5;4635;2375;2995;333;Robot;250
Audi;S5;4635;2140;4163;354;Manual;250
Audi;S5;4635;2175;4163;354;Automático;250
Audi;S5;4713;2285;2995;333;Robot;250
Audi;S5;4640;2380;2995;333;Robot;250
Audi;S5;4640;2175;2995;333;Robot;250
Audi;S5;4718;2295;2995;333;Robot;250
Audi;S6;4797;2285;2226;230;Automático;231
Audi;S6;4797;2250;2226;230;Manual;235
Audi;S6;4798;2295;4172;280;Automático;247
Audi;S6;4798;2295;4172;280;Manual;250
Audi;S6;4797;2235;2226;230;Automático;236
Audi;S6;4797;2200;2226;230;Manual;241
Audi;S6;4797;2290;4172;280;Automático;249
Audi;S6;4797;2245;4172;280;Manual;249
Audi;S6;4797;2245;4172;326;Manual;249
Audi;S6;4833;2355;4172;340;Automático;250
Audi;S6;4833;2330;4172;340;Manual;250
Audi;S6;4833;2275;4172;340;Manual;250
Audi;S6;4833;2300;4172;340;Automático;250
Audi;S6;4933;2600;5204;435;Automático;250
Audi;S6;4916;2490;5204;435;Automático;250
Audi;S6;4938;2600;5204;435;Automático;250
Audi;S6;4938;2490;5204;435;Automático;250
Audi;S6;4934;2580;3993;420;Robot;250
Audi;S6;4931;2505;3993;420;Robot;250
Audi;S6;4942;2590;3993;450;Robot;250
Audi;S6;4931;2505;3993;450;Robot;250
Audi;S7;4980;2555;3993;420;Robot;250
Audi;S7;4980;2565;3993;450;Robot;250
Audi;S8;5034;2350;4172;340;Automático;250
Audi;S8;5034;2330;4172;340;Manual;250
Audi;S8;5034;2330;4172;360;Manual;250
Audi;S8;5034;2350;4172;360;Automático;250
Audi;S8;5034;2330;4172;360;Manual;250
Audi;S8;5062;2540;5204;450;Automático;250
Audi;S8;5062;2540;5204;450;Automático;250
Audi;S8;5146;2650;3993;520;Automático;250
Audi;S8;5147;2590;3993;520;Automático;250
Audi;S8;5147;2590;3993;605;Automático;305
Audi;SQ5;4671;2500;2995;354;Automático;250
Audi;SQ5;4644;2530;2967;313;Automático;250
Audi;SQ5;4644;2515;2995;354;Automático;250
Audi;SQ7;5069;3030;3956;435;Automático;250
Audi;TT;4178;1680;1798;160;Manual;226
Audi;TT;4178;1680;1968;170;Manual;226
Audi;TT;4178;1680;1984;211;Manual;240
Audi;TT;4178;1680;1984;200;Robot;240
Audi;TT;4178;1680;1984;200;Robot;240
Audi;TT;4178;1830;3189;250;Manual;250
Audi;TT;4178;1855;3189;250;Robot;250
Audi;TT;4041;1635;1781;163;Manual;218
Audi;TT;4041;1640;1781;180;Manual;222
Audi;TT;4041;1640;1781;190;Manual;228
Audi;TT;4041;1765;1781;180;Manual;220
Audi;TT;4041;1765;1781;190;Manual;226
Audi;TT;4041;1815;1781;225;Manual;237
Audi;TT;4178;1635;1984;200;Robot;237
Audi;TT;4178;1615;1984;200;Manual;237
Audi;TT;4178;1775;1984;272;Manual;250
Audi;TT;4041;1905;3189;250;Automático;250
Audi;TT;4198;1850;2480;340;Manual;250
Audi;TT;4198;1830;2480;340;Manual;250
Audi;TT;4178;1680;1984;272;Manual;250
Audi;TT;4198;1640;1798;160;Manual;226
Audi;TT;4198;1660;1798;160;Robot;226
Audi;TT;4178;1660;1984;211;Manual;245
Audi;TT;4178;1760;1984;211;Robot;243
Audi;TT;4178;1680;1984;211;Robot;245
Audi;TT;4198;1605;1798;160;Manual;223
Audi;TT;4198;1620;1798;160;Robot;223
Audi;TT;4198;1615;1984;211;Manual;242
Audi;TT;4198;1725;1984;211;Robot;240
Audi;TT;4198;1635;1984;211;Robot;242
Audi;TT;4198;1850;2480;340;Manual;250
Audi;TT;4198;1850;2480;360;Manual;280
Audi;TT;4198;1875;2480;340;Robot;250
Audi;TT;4198;1875;2480;360;Robot;280
Audi;TT;4198;1850;2480;340;Manual;250
Audi;TT;4198;1830;2480;360;Manual;280
Audi;TT;4198;1850;2480;340;Robot;250
Audi;TT;4198;1855;2480;360;Robot;280
Audi;TT;4198;1795;1984;272;Manual;250
Audi;TT;4198;1815;1984;272;Robot;250
Audi;TT;4198;1775;1984;272;Manual;250
Audi;TT;4198;1795;1984;272;Robot;250
Audi;TT;4041;1705;1781;180;Automático;226
Audi;TT;4041;1665;1781;150;Manual;194
Audi;TT;4041;1610;1781;180;Manual;228
Audi;TT;4041;1795;1781;180;Manual;226
Audi;TT;4041;1850;1781;225;Manual;243
Audi;TT;4041;1875;3200;250;Manual;254
Audi;TT;4041;1905;3200;250;Robot;235
Audi;TT;4041;1640;1781;180;Automático;221
Audi;TT;4041;1640;1781;150;Manual;214
Audi;TT;4041;1610;1781;180;Manual;197
Audi;TT;4041;1765;1781;180;Manual;220
Audi;TT;4041;1815;1781;225;Manual;237
Audi;TT;4041;1860;3189;250;Manual;250
Audi;TT;4041;1890;3189;250;Robot;250
Audi;TT;4041;1705;1781;180;Automático;226
Audi;TT;4041;1665;1781;150;Manual;194
Audi;TT;4041;1610;1781;180;Manual;228
Audi;TT;4041;1795;1781;180;Manual;226
Audi;TT;4041;1850;1781;225;Manual;243
Audi;TT;4041;1775;1781;240;Manual;250
Audi;TT;4041;1875;3200;250;Manual;254
Audi;TT;4041;1905;3200;250;Robot;235
Audi;TT;4041;1640;1781;180;Automático;221
Audi;TT;4041;1640;1781;150;Manual;214
Audi;TT;4041;1610;1781;180;Manual;197
Audi;TT;4041;1765;1781;180;Manual;220
Audi;TT;4041;1815;1781;225;Manual;237
Audi;TT;4041;1860;3189;250;Manual;250
Audi;TT;4041;1890;3189;250;Robot;250
Audi;TT;4177;1610;1798;180;Manual;241
Audi;TT;4177;1630;1798;180;Robot;241
Audi;TT;4177;1630;1984;230;Manual;250
Audi;TT;4177;1660;1984;230;Robot;250
Audi;TT;4177;1735;1984;230;Robot;250
Audi;TT;4177;1620;1798;180;Manual;237
Audi;TT;4177;1640;1798;180;Robot;237
Audi;TT;4177;1640;1984;230;Manual;250
Audi;TT;4177;1670;1984;230;Robot;250
Audi;TT;4177;1745;1984;230;Robot;250
Audi;TT;4191;1840;2480;400;Robot;250
Audi;TT;4191;1850;2480;400;Robot;250
Audi;TT;4191;1765;1984;310;Manual;250
Audi;TT;4191;1785;1984;310;Robot;250
Audi;TT;4191;1770;1984;310;Manual;250
Audi;TT;4191;1790;1984;310;Robot;250
Audi;V8;4875;2310;3562;250;Manual;245
Audi;V8;4875;2310;4172;280;Manual;249
Fiat;126;3054;920;594;23;Manual;109
Fiat;500;2969;;479;17;Manual;
Fiat;500;2969;;500;22;Manual;
Fiat;500;3546;1305;1242;69;Robot;160
Fiat;500;3546;1305;1242;69;Manual;160
Fiat;500;3546;1370;1368;100;Robot;182
Fiat;500;3546;1370;1368;100;Manual;182
Fiat;500;3546;1305;1242;69;Robot;160
Fiat;500;3546;1305;1242;69;Manual;160
Fiat;500;3546;;1368;100;Robot;182
Fiat;500;3546;;1368;100;Manual;182
Fiat;500L;4147;1820;875;105;Manual;180
Fiat;500L;4147;;1248;85;Automático;165
Fiat;500L;4147;1875;1248;85;Manual;165
Fiat;500L;4147;;1368;162;Automático;
Fiat;500L;4147;;1368;162;Manual;
Fiat;500L;4147;1805;1368;95;Manual;170
Fiat;500L;4147;;1598;105;Manual;182
Fiat;600;3337;1210;1108;54;Manual;150
Fiat;Albea;4186;;1242;80;Manual;162
Fiat;Albea;4186;;1368;77;Manual;162
Fiat;Albea;4186;;1596;102;Manual;180
Fiat;Barchetta;3916;1260;1747;130;Manual;200
Fiat;Brava;4190;1570;1242;82;Manual;173
Fiat;Brava;4190;1510;1370;80;Manual;170
Fiat;Brava;4190;1630;1581;103;Manual;180
Fiat;Brava;4190;1680;1747;113;Manual;190
Fiat;Brava;4190;1735;1910;101;Manual;182
Fiat;Bravo;4026;1510;1242;82;Manual;173
Fiat;Bravo;4020;1510;1370;80;Manual;170
Fiat;Bravo;4026;1550;1581;103;Automático;176
Fiat;Bravo;4026;1550;1581;103;Manual;184
Fiat;Bravo;4025;1600;1747;113;Manual;193
Fiat;Bravo;4026;1620;1910;65;Manual;155
Fiat;Bravo;4026;1680;1910;105;Manual;187
Fiat;Bravo;4026;1570;1910;75;Manual;165
Fiat;Bravo;4030;1690;1998;147;Manual;210
Fiat;Bravo;4026;1690;1998;154;Manual;213
Fiat;Bravo;4336;;1368;150;Manual;212
Fiat;Bravo;4336;;1368;120;Manual;197
Fiat;Bravo;4336;;1368;120;Robot;197
Fiat;Cinquecento;3227;1090;704;31;Manual;
Fiat;Cinquecento;3223;1150;899;40;Manual;140
Fiat;Cinquecento;3227;1150;1108;54;Manual;150
Fiat;Coupe;4250;1600;1747;130;Manual;205
Fiat;Coupe;4250;1620;1995;139;Manual;208
Fiat;Coupe;4250;1680;1998;154;Manual;215
Fiat;Coupe;4250;1690;1995;190;Manual;225
Fiat;Coupe;4250;1720;1998;220;Manual;250
Fiat;Croma;4497;;1585;83;Manual;
Fiat;Croma;4520;1740;1929;94;Manual;180
Fiat;Croma;4520;1710;1995;100;Automático;183
Fiat;Croma;4520;1750;1995;116;Automático;190
Fiat;Croma;4520;1710;1995;100;Manual;183
Fiat;Croma;4520;1750;1995;116;Manual;190
Fiat;Croma;4520;1785;1995;137;Manual;200
Fiat;Croma;4520;1840;2500;105;Manual;
Fiat;Croma;4520;1870;2500;115;Manual;192
Fiat;Croma;4520;1820;2492;162;Manual;211
Fiat;Croma;4756;;2198;147;Automático;205
Fiat;Doblo;4158;1775;1242;65;Manual;142
Fiat;Doblo;4158;1775;1242;80;Manual;148
Fiat;Doblo;4158;1880;1248;69;Manual;145
Fiat;Doblo;4158;1925;1581;107;Manual;160
Fiat;Doblo;4158;;1795;103;Manual;161
Fiat;Doblo;4158;1845;1910;63;Manual;141
Fiat;Doblo;4158;2000;1910;105;Manual;168
Fiat;Doblo;4253;;1368;77;Manual;148
Fiat;Doblo;4390;1970;1248;90;Manual;156
Fiat;Doblo;4390;1980;1368;95;Manual;161
Fiat;Doblo;4390;;1598;90;Robot;158
Fiat;Doblo;4390;1970;1598;105;Manual;164
Fiat;Doblo;4740;;1598;105;Manual;164
Fiat;Doblo;4740;;1598;90;Manual;156
Fiat;Doblo;4390;1980;1956;135;Manual;179
Fiat;Doblo;4740;;1956;135;Manual;179
Fiat;Doblo;4406;;1368;120;Manual;172
Fiat;Doblo;4406;;1368;95;Manual;161
Fiat;Doblo;4406;;1368;120;Manual;172
Fiat;Doblo;4406;;1598;90;Robot;158
Fiat;Doblo;4756;;1598;90;Robot;158
Fiat;Doblo;4406;;1598;105;Manual;164
Fiat;Doblo;4406;;1598;90;Manual;158
Fiat;Doblo;4756;;1598;105;Manual;164
Fiat;Doblo;4406;;1956;135;Manual;179
Fiat;Doblo;4756;;1956;135;Manual;179
Fiat;Fiorino;3864;1680;1360;73;Automático;157
Fiat;Fiorino;3864;1680;1360;73;Manual;157
Fiat;Fiorino;3864;1700;1248;75;Automático;162
Fiat;Fiorino;3864;1700;1248;75;Manual;155
Fiat;Fiorino;3864;1590;1360;73;Automático;206
Fiat;Fiorino;3864;1590;1360;73;Manual;206
Fiat;Freemont;4888;2380;1956;140;Manual;180
Fiat;Freemont;4888;2380;1956;170;Manual;195
Fiat;Freemont;4888;;2360;170;Automático;181,9
Fiat;Freemont;4888;;3605;280;Automático;206
Fiat;Fullback;5205;2850;2442;154;Automático;174
Fiat;Fullback;5205;2850;2442;181;Automático;174
Fiat;Fullback;5285;2800;2442;150;Manual;169
Fiat;Fullback;5205;2850;2442;154;Manual;174
Fiat;Fullback;5285;2910;2442;180;Manual;177
Fiat;Idea;3930;1700;1248;90;Automático;163
Fiat;Idea;3930;;1242;80;Manual;163
Fiat;Idea;3930;;1251;70;Manual;159
Fiat;Idea;3930;1655;1368;77;Automático;163
Fiat;Idea;3930;;1368;95;Manual;175
Fiat;Idea;3930;;1910;101;Manual;179
Fiat;Linea;4560;;1248;90;Manual;170
Fiat;Linea;4560;1660;1368;120;Manual;195
Fiat;Marea;4485;1740;1369;80;Manual;170
Fiat;Marea;4485;1795;1596;103;Automático;185
Fiat;Marea;4485;1795;1596;103;Manual;185
Fiat;Marea;4485;1845;1747;114;Manual;193
Fiat;Marea;4485;1845;1910;100;Manual;179
Fiat;Marea;4485;1845;1910;105;Manual;183
Fiat;Marea;4485;1870;1910;110;Manual;186
Fiat;Marea;4485;1835;1910;75;Manual;165
Fiat;Marea;4485;1895;1998;147;Manual;205
Fiat;Marea;4485;1895;1998;150;Manual;206
Fiat;Marea;4485;1895;1998;154;Manual;208
Fiat;Marea;4485;1935;2387;125;Manual;193
Fiat;Marea;4485;1935;2387;130;Manual;195
Fiat;Marea;4390;1675;1369;80;Manual;172
Fiat;Marea;4390;1730;1596;103;Automático;187
Fiat;Marea;4390;1730;1596;103;Manual;187
Fiat;Marea;4390;1785;1747;113;Automático;195
Fiat;Marea;4390;1785;1747;113;Manual;195
Fiat;Marea;4390;1780;1910;100;Manual;180
Fiat;Marea;4390;1805;1910;105;Manual;188
Fiat;Marea;4390;1805;1910;110;Manual;188
Fiat;Marea;4390;1775;1910;75;Manual;167
Fiat;Marea;4390;1830;1998;147;Manual;207
Fiat;Marea;4390;1830;1998;150;Manual;208
Fiat;Marea;4390;1830;1998;154;Manual;210
Fiat;Marea;4390;1870;2387;125;Manual;195
Fiat;Marea;4390;1885;2387;130;Manual;197
Fiat;Multipla;3995;1870;1581;103;Manual;170
Fiat;Multipla;3995;1930;1910;103;Automático;170
Fiat;Multipla;3995;1930;1910;103;Manual;170
Fiat;Multipla;3995;1930;1910;110;Manual;173
Fiat;Multipla;3995;2050;1910;115;Manual;170
Fiat;Multipla;4089;1990;1596;103;Manual;171
Fiat;Multipla;4089;2050;1910;120;Manual;177
Fiat;Multipla;4089;2050;1910;115;Manual;175
Fiat;Palio;3740;1310;999;70;Manual;160
Fiat;Palio;3735;1320;1242;68;Manual;160
Fiat;Palio;3740;1370;1242;80;Manual;168
Fiat;Palio;3735;1335;1372;71;Manual;164
Fiat;Palio;3735;1325;1497;76;Manual;165
Fiat;Palio;3735;;1581;80;Manual;173
Fiat;Palio;3740;1510;1698;69;Manual;164
Fiat;Palio;4130;1690;1581;106;Manual;186
Fiat;Palio;4130;1675;1581;87;Manual;175
Fiat;Palio;4130;1705;1698;69;Manual;164
Fiat;Palio;4130;1690;1910;63;Manual;186
Fiat;Palio;4130;1725;1910;80;Manual;164
Fiat;Panda;3408;1115;843;34;Manual;125
Fiat;Panda;3408;1150;903;45;Manual;140
Fiat;Panda;3411;1150;769;34;Manual;125
Fiat;Panda;3411;1150;899;39;Manual;140
Fiat;Panda;3411;1150;999;44;Manual;138
Fiat;Panda;3411;1150;999;45;Manual;140
Fiat;Panda;3411;1150;1108;50;Manual;140
Fiat;Panda;3411;1150;1108;54;Manual;140
Fiat;Panda;3574;;1242;60;Manual;145
Fiat;Panda;3538;;1108;54;Manual;150
Fiat;Panda;3538;;1242;60;Robot;155
Fiat;Panda;3538;;1242;60;Manual;155
Fiat;Punto;3760;1300;1108;55;Manual;150
Fiat;Punto;3760;1325;1242;59;Manual;160
Fiat;Punto;3760;1325;1242;60;Manual;160
Fiat;Punto;3760;1360;1242;74;Manual;172
Fiat;Punto;3770;1450;1372;133;Manual;205
Fiat;Punto;3770;1425;1581;88;Manual;178
Fiat;Punto;3760;1460;1695;70;Manual;162
Fiat;Punto;3760;1300;1108;55;Manual;150
Fiat;Punto;3760;1400;1242;60;CVT;150
Fiat;Punto;3760;1330;1242;60;Manual;160
Fiat;Punto;3760;1330;1242;74;Manual;170
Fiat;Punto;3760;1390;1242;86;Manual;177
Fiat;Punto;3760;1450;1372;133;Manual;205
Fiat;Punto;3760;1425;1581;88;Manual;178
Fiat;Punto;3760;1450;1698;57;Manual;150
Fiat;Punto;3760;1495;1698;63;Manual;155
Fiat;Punto;3760;1460;1698;70;Manual;163
Fiat;Punto;3800;1430;1242;80;CVT;172
Fiat;Punto;3800;1370;1242;60;Manual;155
Fiat;Punto;3800;1430;1242;80;Manual;172
Fiat;Punto;3800;1550;1747;130;Manual;205
Fiat;Punto;3835;1565;1910;60;Manual;170
Fiat;Punto;3835;1565;1910;80;Manual;170
Fiat;Punto;3835;1550;1910;85;Manual;173
Fiat;Punto;3835;;1242;80;CVT;165
Fiat;Punto;3835;1385;1242;60;Manual;155
Fiat;Punto;3835;1440;1242;80;Manual;172
Fiat;Punto;3835;1545;1910;60;Manual;155
Fiat;Punto;3835;1565;1910;80;Manual;170
Fiat;Punto;3835;1565;1910;85;Manual;173
Fiat;Punto;3840;;1242;60;CVT;
Fiat;Punto;3840;1430;1242;80;CVT;165
Fiat;Punto;3840;1370;1242;60;Manual;155
Fiat;Punto;3840;1430;1242;80;Manual;172
Fiat;Punto;3840;1475;1248;70;Manual;164
Fiat;Punto;3840;1440;1368;95;CVT;
Fiat;Punto;3840;1440;1368;95;Manual;178
Fiat;Punto;3840;1550;1747;130;Manual;205
Fiat;Punto;3840;1530;1929;60;Manual;155
Fiat;Punto;3840;1550;1910;100;Manual;185
Fiat;Punto;3840;1550;1910;85;Manual;173
Fiat;Punto;3865;;1242;60;CVT;155
Fiat;Punto;3865;1445;1242;80;CVT;165
Fiat;Punto;3865;1385;1242;60;Manual;155
Fiat;Punto;3865;1445;1242;80;Manual;172
Fiat;Punto;3865;1490;1248;70;Manual;164
Fiat;Punto;3865;;1251;70;CVT;
Fiat;Punto;3865;;1368;95;CVT;
Fiat;Punto;3865;1445;1368;95;Manual;178
Fiat;Punto;3865;;1747;130;Manual;205
Fiat;Punto;3865;1545;1929;60;Manual;155
Fiat;Punto;3865;;1910;100;Manual;185
Fiat;Punto;3865;1565;1910;80;Manual;173
Fiat;Punto;3865;1565;1910;85;Manual;173
Fiat;Punto;4030;;1368;77;Robot;165
Fiat;Punto;4030;;1368;77;Manual;165
Fiat;Punto;4030;;1368;77;Robot;165
Fiat;Punto;4030;;1368;77;Manual;165
Fiat;Punto;4065;;1368;77;Robot;165
Fiat;Punto;4065;;1368;77;Manual;165
Fiat;Punto;4065;;1368;135;Manual;205
Fiat;Punto;4065;;1368;77;Robot;165
Fiat;Punto;4065;;1368;105;Manual;185
Fiat;Punto;4065;;1368;77;Manual;165
Fiat;Punto;4065;1690;1368;105;Manual;185
Fiat;Punto;4065;1690;1368;135;Manual;200
Fiat;Punto;4065;1690;1368;105;Manual;185
Fiat;Punto;4065;1690;1368;135;Manual;200
Fiat;Scudo;5135;2791;1997;120;Manual;160
Fiat;Scudo;4805;2759;1997;120;Manual;160
Fiat;Sedici;4115;;1586;107;Manual;170
Fiat;Sedici;4115;;1910;120;Manual;180
Fiat;Sedici;4115;;1586;120;Automático;170
Fiat;Sedici;4115;;1586;120;Manual;185
Fiat;Sedici;4115;;1586;120;Manual;170
Fiat;Sedici;4115;;1956;135;Manual;180
Fiat;Siena;4100;;1242;75;Manual;166
Fiat;Siena;4100;;1580;101;Manual;186
Fiat;Siena;4100;;1581;103;Manual;186
Fiat;Siena;4100;;1698;72;Manual;164
Fiat;Siena;4135;;999;66;Manual;155
Fiat;Siena;4113;1420;1242;82;Manual;168
Fiat;Siena;4113;1420;1580;103;Manual;186
Fiat;Siena;4113;1440;1697;72;Manual;164
Fiat;Stilo;4516;1804;1368;95;Manual;176
Fiat;Stilo;4516;1805;1596;103;Manual;191
Fiat;Stilo;4516;1895;1747;133;Manual;200
Fiat;Stilo;4516;1905;1910;100;Manual;
Fiat;Stilo;4516;1920;1910;115;Manual;190
Fiat;Stilo;4516;1920;1910;120;Manual;193
Fiat;Stilo;4516;1965;1910;140;Manual;200
Fiat;Stilo;4516;1940;1910;150;Manual;207
Fiat;Stilo;4516;1905;1910;80;Manual;170
Fiat;Stilo;4180;1600;1242;80;Manual;172
Fiat;Stilo;4180;1650;1368;95;Manual;180
Fiat;Stilo;4180;1650;1596;103;Manual;185
Fiat;Stilo;4180;1750;1747;133;Manual;202
Fiat;Stilo;4180;1760;1910;100;Manual;
Fiat;Stilo;4180;1775;1910;115;Manual;192
Fiat;Stilo;4180;1775;1910;120;Manual;194
Fiat;Stilo;4180;1775;1910;140;Manual;203
Fiat;Stilo;4180;1775;1910;150;Manual;209
Fiat;Stilo;4180;1750;1910;80;Manual;172
Fiat;Stilo;4180;1750;2446;170;Manual;215
Fiat;Stilo;4255;1655;1242;80;Manual;170
Fiat;Stilo;4180;1750;1368;95;Manual;178
Fiat;Stilo;4255;1750;1596;103;Manual;183
Fiat;Stilo;4255;1800;1747;133;Manual;200
Fiat;Stilo;4255;1750;1910;100;Manual;
Fiat;Stilo;4255;1750;1910;115;Manual;190
Fiat;Stilo;4255;1750;1910;120;Manual;194
Fiat;Stilo;4255;1750;1910;140;Manual;200
Fiat;Stilo;4255;1750;1910;150;Manual;207
Fiat;Stilo;4255;1750;1910;80;Manual;170
Fiat;Stilo;4255;1800;2446;170;Manual;213
Fiat;Tempra;4472;1710;1581;75;Automático;165
Fiat;Tempra;4472;1760;1581;90;Manual;178
Fiat;Tempra;4472;1820;1756;101;Manual;183
Fiat;Tempra;4472;1840;1929;90;Manual;177
Fiat;Tempra;4472;1850;1995;113;Automático;180
Fiat;Tempra;4472;1880;1995;115;Manual;182
Fiat;Tempra;4354;1570;1372;78;Manual;172
Fiat;Tempra;4354;1580;1581;75;Automático;170
Fiat;Tempra;4354;1565;1580;86;Manual;175
Fiat;Tempra;4354;1690;1756;101;Manual;188
Fiat;Tempra;4354;1670;1929;65;Manual;162
Fiat;Tempra;4354;1710;1929;90;Manual;180
Fiat;Tempra;4354;1720;1995;113;Automático;185
Fiat;Tipo;3958;;1108;56;Manual;150
Fiat;Tipo;3958;1650;1372;71;Manual;161
Fiat;Tipo;3958;1520;1581;75;Manual;170
Fiat;Tipo;3958;1520;1581;80;Manual;170
Fiat;Tipo;3958;1650;1756;104;Manual;183
Fiat;Tipo;3958;1600;1756;107;Manual;183
Fiat;Tipo;3958;1650;1756;90;Manual;178
Fiat;Tipo;3958;1590;1929;82;Automático;168
Fiat;Tipo;3958;1590;1929;65;Manual;150
Fiat;Tipo;3958;1660;1929;90;Manual;168
Fiat;Tipo;3958;1600;1995;115;Automático;190
Fiat;Tipo;3958;1710;1995;139;Manual;202
Fiat;Tipo;3958;1680;1995;146;Manual;207
Fiat;Tipo;3958;;1108;56;Manual;150
Fiat;Tipo;3958;1650;1372;71;Manual;161
Fiat;Tipo;3958;1490;1372;78;Manual;167
Fiat;Tipo;3958;1520;1581;75;Manual;170
Fiat;Tipo;3958;1520;1581;80;Manual;170
Fiat;Tipo;3958;;1697;58;Manual;150
Fiat;Tipo;3958;1600;1756;107;Automático;183
Fiat;Tipo;3958;1590;1929;82;Automático;168
Fiat;Tipo;3958;1590;1929;65;Manual;150
Fiat;Tipo;3958;1600;1995;115;Automático;190
Fiat;Tipo;3958;1600;1995;115;Manual;190
Fiat;Tipo;3958;1680;1995;146;Manual;207
Fiat;Ulysse;4454;2085;1762;99;Manual;165
Fiat;Ulysse;4454;2360;1905;90;Manual;160
Fiat;Ulysse;4454;2385;1997;109;Manual;175
Fiat;Ulysse;4454;2300;1998;121;Manual;177
Fiat;Ulysse;4455;2360;1998;132;Manual;186
Fiat;Ulysse;4454;2340;1998;147;Manual;195
Fiat;Ulysse;4454;2385;2088;109;Manual;175
Fiat;Ulysse;4730;2380;1997;136;Manual;185
Fiat;Ulysse;4730;;1997;107;Manual;174
Fiat;Ulysse;4730;2505;2179;128;Manual;182
Fiat;Ulysse;4730;;2946;204;Automático;205
Fiat;Uno;3690;1200;903;45;Manual;140
Fiat;Uno;3690;1200;999;46;Manual;145
Fiat;Uno;3690;1260;1108;51;Manual;150
Fiat;Uno;3690;1260;1108;57;Manual;150
Fiat;Uno;3689;;1301;46;Manual;140
Fiat;Uno;3689;;1301;68;Manual;169
Fiat;Uno;3690;1360;1372;114;Manual;200
Fiat;Uno;3690;1360;1367;72;Manual;165
Fiat;Uno;3690;1320;1698;58;Manual;155
Fiat;Uno;3690;1320;1929;60;Manual;157
Fiat;Uno;3690;1200;903;45;Manual;140
Fiat;Uno;3690;1200;999;46;Manual;145
Fiat;Uno;3690;1260;1108;51;Manual;150
Fiat;Uno;3690;1260;1108;57;Manual;150
Fiat;Uno;3690;1270;1372;71;Manual;165
Fiat;Uno;3690;1360;1367;72;Manual;165
Fiat;Uno;3690;1295;1499;76;Manual;171
Fiat;Uno;3690;1320;1698;58;Manual;155
Fiat;Uno;3690;1320;1929;60;Manual;157
