date	visits
2023-01-01	56
2023-01-02	52
2023-01-03	83
2023-01-04	84
2023-01-05	94
2023-01-06	115
2023-01-07	71
2023-01-08	67
2023-01-09	102
2023-01-10	126
2023-01-11	114
2023-01-12	137
2023-01-13	142
2023-01-14	91
2023-01-15	83
2023-01-16	145
2023-01-17	125
2023-01-18	129
2023-01-19	141
2023-01-20	135
2023-01-21	99
2023-01-22	64
2023-01-23	127
2023-01-24	155
2023-01-25	116
2023-01-26	142
2023-01-27	158
2023-01-28	143
2023-01-29	57
2023-01-30	131
2023-01-31	135
2023-02-01	154
2023-02-02	165
2023-02-03	165
2023-02-04	133
2023-02-05	88
2023-02-06	148
2023-02-07	129
2023-02-08	144
2023-02-09	156
2023-02-10	191
2023-02-11	153
2023-02-12	87
2023-02-13	132
2023-02-14	158
2023-02-15	146
2023-02-16	148
2023-02-17	132
2023-02-18	91
2023-02-19	73
2023-02-20	94
2023-02-21	77
2023-02-22	110
2023-02-23	122
2023-02-24	172
2023-02-25	169
2023-02-26	85
2023-02-27	136
2023-02-28	150
2023-03-01	128
2023-03-02	141
2023-03-03	150
2023-03-04	122
2023-03-05	70
2023-03-06	123
2023-03-07	121
2023-03-08	123
2023-03-09	140
2023-03-10	158
2023-03-11	141
2023-03-12	82
2023-03-13	132
2023-03-14	156
2023-03-15	140
2023-03-16	152
2023-03-17	203
2023-03-18	161
2023-03-19	81
2023-03-20	127
2023-03-21	141
2023-03-22	144
2023-03-23	149
2023-03-24	186
2023-03-25	143
2023-03-26	73
2023-03-27	120
2023-03-28	140
2023-03-29	135
2023-03-30	141
2023-03-31	183
2023-04-01	120
2023-04-02	83
2023-04-03	126
2023-04-04	147
2023-04-05	163
2023-04-06	171
2023-04-07	109
2023-04-08	100
2023-04-09	123
2023-04-10	135
2023-04-11	116
2023-04-12	127
2023-04-13	150
2023-04-14	178
2023-04-15	167
2023-04-16	95
2023-04-17	129
2023-04-18	146
2023-04-19	153
2023-04-20	186
2023-04-21	100
2023-04-22	118
2023-04-23	47
2023-04-24	126
2023-04-25	139
2023-04-26	131
2023-04-27	142
2023-04-28	214
2023-04-29	137
2023-04-30	77
2023-05-01	71
2023-05-02	137
2023-05-03	154
2023-05-04	146
2023-05-05	194
2023-05-06	149
2023-05-07	75
2023-05-08	141
2023-05-09	160
2023-05-10	129
2023-05-11	146
2023-05-12	166
2023-05-13	155
2023-05-14	144
2023-05-15	130
2023-05-16	149
2023-05-17	155
2023-05-18	144
2023-05-19	187
2023-05-20	146
2023-05-21	76
2023-05-22	118
2023-05-23	123
2023-05-24	141
2023-05-25	135
2023-05-26	179
2023-05-27	130
2023-05-28	81
2023-05-29	139
2023-05-30	156
2023-05-31	116
2023-06-01	141
2023-06-02	189
2023-06-03	131
2023-06-04	73
2023-06-05	138
2023-06-06	144
2023-06-07	181
2023-06-08	84
2023-06-09	110
2023-06-10	25
2023-06-11	56
2023-06-12	125
2023-06-13	140
2023-06-14	152
2023-06-15	145
2023-06-16	184
2023-06-17	145
2023-06-18	88
2023-06-19	128
2023-06-20	127
2023-06-21	129
2023-06-22	145
2023-06-23	181
2023-06-24	145
2023-06-25	108
2023-06-26	146
2023-06-27	154
2023-06-28	138
2023-06-29	143
2023-06-30	173
2023-07-01	109
2023-07-02	67
2023-07-03	120
2023-07-04	111
2023-07-05	110
2023-07-06	142
2023-07-07	143
2023-07-08	105
2023-07-09	42
2023-07-10	126
2023-07-11	107
2023-07-12	124
2023-07-13	148
2023-07-14	137
2023-07-15	85
2023-07-16	66
2023-07-17	120
2023-07-18	129
2023-07-19	107
2023-07-20	124
2023-07-21	143
2023-07-22	112
2023-07-23	63
2023-07-24	112
2023-07-25	117
2023-07-26	135
2023-07-27	152
2023-07-28	156
2023-07-29	114
2023-07-30	74
2023-07-31	117
2023-08-01	117
2023-08-02	124
2023-08-03	146
2023-08-04	167
2023-08-05	124
2023-08-06	86
2023-08-07	133
2023-08-08	62
2023-08-09	118
2023-08-10	140
2023-08-11	199
2023-08-12	113
2023-08-13	128
2023-08-14	119
2023-08-15	104
2023-08-16	140
2023-08-17	123
2023-08-18	161
2023-08-19	117
2023-08-20	66
2023-08-21	120
2023-08-22	134
2023-08-23	145
2023-08-24	137
2023-08-25	156
2023-08-26	154
2023-08-27	69
2023-08-28	100
2023-08-29	136
2023-08-30	137
2023-08-31	166
2023-09-01	171
2023-09-02	153
2023-09-03	76
2023-09-04	142
2023-09-05	140
2023-09-06	147
2023-09-07	112
2023-09-08	124
2023-09-09	111
2023-09-10	50
2023-09-11	123
2023-09-12	144
2023-09-13	155
2023-09-14	155
2023-09-15	163
2023-09-16	132
2023-09-17	92
2023-09-18	137
2023-09-19	155
2023-09-20	171
2023-09-21	132
2023-09-22	167
2023-09-23	112
2023-09-24	82
2023-09-25	128
2023-09-26	142
2023-09-27	150
2023-09-28	155
2023-09-29	184
2023-09-30	147
2023-10-01	43
2023-10-02	149
2023-10-03	110
2023-10-04	132
2023-10-05	146
2023-10-06	166
2023-10-07	115
2023-10-08	97
2023-10-09	161
2023-10-10	145
2023-10-11	164
2023-10-12	97
2023-10-13	122
2023-10-14	89
2023-10-15	49
2023-10-16	129
2023-10-17	144
2023-10-18	153
2023-10-19	126
2023-10-20	175
2023-10-21	112
2023-10-22	72
2023-10-23	134
2023-10-24	128
2023-10-25	165
2023-10-26	143
2023-10-27	175
2023-10-28	147
2023-10-29	73
2023-10-30	134
2023-10-31	117
2023-11-01	139
2023-11-02	104
2023-11-03	92
2023-11-04	60
2023-11-05	4
2023-11-06	59
2023-11-07	124
2023-11-08	158
2023-11-09	160
2023-11-10	155
2023-11-11	126
2023-11-12	67
2023-11-13	140
2023-11-14	1