-- SCRIPT DML -- LINGUAGEM DE MANIPULAÇÃO DOS DADOS

--Gabriela Soares Teixeira - RM98853
--Gustavo Santana Pereira - RM98935
--Lucas Paes Landim Pereira - RM550394
--Renan Macedo Carrara Coimbra- RM552187

-- T_RENDA_FATOR

INSERT INTO t_renda_fator(cd_renda_fat, vl_remun_esperada, vl_terra)
 VALUES(98767, 85063.00, 156800.00);

 INSERT INTO t_renda_fator(cd_renda_fat, vl_remun_esperada, vl_terra)
 VALUES(12247, 12000.00, 226800.00);

INSERT INTO t_renda_fator(cd_renda_fat, vl_remun_esperada, vl_terra)
 VALUES(15548, 13000.00, 15800.00);

INSERT INTO t_renda_fator(cd_renda_fat, vl_remun_esperada, vl_terra)
 VALUES(15549, 14000.00, 15900.00);

INSERT INTO t_renda_fator(cd_renda_fat, vl_remun_esperada, vl_terra)
 VALUES(15550, 15000.00, 16000.00);

INSERT INTO t_renda_fator(cd_renda_fat, vl_remun_esperada, vl_terra)
VALUES(15547, 11000.00, 15700.00);

--T_PRODUTOR
INSERT INTO T_PRODUTOR(CD_PRODUTOR, NM_PRODUTOR, DS_ENDERECO, DT_NASCIMENTO, NR_CPF, NR_CNPJ, NR_TELEFONE, TP_PRODUTO)
VALUES(00001, 'Claudio da Silva', 'Avenida Paulista, 3000', '10/10/1975', 10205511381, 0, 22721852, 'Mandioca Tipo B');

INSERT INTO T_PRODUTOR(CD_PRODUTOR, NM_PRODUTOR, DS_ENDERECO, DT_NASCIMENTO, NR_CPF, NR_CNPJ, NR_TELEFONE, TP_PRODUTO)
VALUES(00002, 'Fernando Nemec', 'Avenida Antonio Agu, 34', '28/12/1979', 42712558025, 14363537000128, 22721122, 'Mandioca Tipo A');

INSERT INTO T_PRODUTOR(CD_PRODUTOR, NM_PRODUTOR, DS_ENDERECO, DT_NASCIMENTO, NR_CPF, NR_CNPJ, NR_TELEFONE, TP_PRODUTO)
VALUES(00003, 'Milton Goya', 'Avenida Reynaldo Massi, 2300', '15/05/1980', 56789012345, 56789012300199, 51987654321, 'Mandioca Tipo A');

INSERT INTO T_PRODUTOR(CD_PRODUTOR, NM_PRODUTOR, DS_ENDERECO, DT_NASCIMENTO, NR_CPF, NR_CNPJ, NR_TELEFONE, TP_PRODUTO)
VALUES(00004, 'Rita de Cassia Rodrigues', 'Avenida Moises Araujo Galvão, 592', '20/06/1985', 67890123456, 67890123400199, 61987654321, 'Mandioca Tipo B');

INSERT INTO T_PRODUTOR(CD_PRODUTOR, NM_PRODUTOR, DS_ENDERECO, DT_NASCIMENTO, NR_CPF, NR_CNPJ, NR_TELEFONE, TP_PRODUTO)
VALUES(00005, 'Sergio dos Santos', 'Avenida Dom Pedro II, 530', '25/07/1990', 78901234567, 78901234500199, 71987654321, 'Mandioca Tipo A');


COMMIT;

--T_PRODUCAO
INSERT INTO T_PRODUCAO (CD_PRODUCAO, CD_RENDA_FAT, NM_ESTADO, NM_MUNICIPIO, DT_INICIO_SAFRA, DT_FIM_SAFRA, DS_PRODUTO, cd_produtor)
VALUES(1234567, 12247, 'Mato grosso do sul', 'Ivinhema', '03/07/2022', '31/12/2022', 'Mandioca', 00001);

INSERT INTO T_PRODUCAO (CD_PRODUCAO, CD_RENDA_FAT, NM_ESTADO, NM_MUNICIPIO, DT_INICIO_SAFRA, DT_FIM_SAFRA, DS_PRODUTO, cd_produtor)
VALUES(1234568, 15547, 'Mato grosso do sul', 'Ivinhema', '25/01/2020', '31/12/2021', 'Mandioca', 00002);

INSERT INTO T_PRODUCAO (CD_PRODUCAO, CD_RENDA_FAT, NM_ESTADO, NM_MUNICIPIO, DT_INICIO_SAFRA, DT_FIM_SAFRA, DS_PRODUTO, cd_produtor)
VALUES(1234569, 15548, 'Mato grosso do sul', 'Ivinhema', '06/01/2022', '31/12/2023', 'Mandioca', 00003);

INSERT INTO T_PRODUCAO (CD_PRODUCAO, CD_RENDA_FAT, NM_ESTADO, NM_MUNICIPIO, DT_INICIO_SAFRA, DT_FIM_SAFRA, DS_PRODUTO, cd_produtor)
VALUES(1234570, 15549, 'Mato grosso do sul', 'Ivinhema', '07/01/2012', '31/12/2014', 'Mandioca', 00004);

INSERT INTO T_PRODUCAO (CD_PRODUCAO, CD_RENDA_FAT, NM_ESTADO, NM_MUNICIPIO, DT_INICIO_SAFRA, DT_FIM_SAFRA, DS_PRODUTO, cd_produtor)
VALUES(1234571, 15550, 'Mato grosso do sul', 'Ivinhema', '08/01/2019', '31/05/2020', 'Mandioca', 00005);

commit;

--T_DESP_POS_CLTA
INSERT INTO T_DESP_POS_CLTA (CD_DESP_POS_CLTA, CD_PRODUCAO, VL_SEGURO_AGRICOLA, VL_TRANSPORTE_INTERNO, VL_ARMAZENAGEM, VL_CESSR, VL_TOTAL_POS_CLTA, VL_ASSIST_TECNICA, CD_PRODUTOR)
VALUES(0123456, 1234568, 846330, 1030.00, 500.00, 214.42, 1210.00, 252, 00002);

INSERT INTO T_DESP_POS_CLTA (CD_DESP_POS_CLTA, CD_PRODUCAO, VL_SEGURO_AGRICOLA, VL_TRANSPORTE_INTERNO, VL_ARMAZENAGEM, VL_CESSR, VL_TOTAL_POS_CLTA, VL_ASSIST_TECNICA, CD_PRODUTOR)
VALUES(0123457, 1234567, 846210, 2050.00, 200.00, 204.42, 1210.00, 252, 00001);

INSERT INTO T_DESP_POS_CLTA (CD_DESP_POS_CLTA, CD_PRODUCAO, VL_SEGURO_AGRICOLA, VL_TRANSPORTE_INTERNO, VL_ARMAZENAGEM, VL_CESSR, VL_TOTAL_POS_CLTA, VL_ASSIST_TECNICA, CD_PRODUTOR)
VALUES(0123458, 1234569, 846350, 1050.00, 600.00, 214.42, 1210.00, 252, 00003);

INSERT INTO T_DESP_POS_CLTA (CD_DESP_POS_CLTA, CD_PRODUCAO, VL_SEGURO_AGRICOLA, VL_TRANSPORTE_INTERNO, VL_ARMAZENAGEM, VL_CESSR, VL_TOTAL_POS_CLTA, VL_ASSIST_TECNICA, CD_PRODUTOR)
VALUES(0123459, 1234570, 846370, 2050.00, 700.00, 204.42, 1210.00, 252, 00004);

INSERT INTO T_DESP_POS_CLTA (CD_DESP_POS_CLTA , CD_PRODUCAO , VL_SEGURO_AGRICOLA , VL_TRANSPORTE_INTERNO , VL_ARMAZENAGEM , VL_CESSR , VL_TOTAL_POS_CLTA , VL_ASSIST_TECNICA , CD_PRODUTOR )
VALUES(0123460 , 1234571 , 846390 , 3050.00 , 800.00 , 204.42 , 1210.00 , 252 , 00005 ); 
Commit;


-- T_OUTRO_CUSTO

INSERT INTO T_OUTRO_CUSTO(CD_CUSTO, CD_PRODUCAO, VL_MANUTENCAO_GERAL, VL_ENCARGOS, VL_JUROS, VL_SERVICO_DIV, VL_DEPRECIACAO, CD_PRODUTOR)
VALUES (021, 1234568, 5003, 2015,60085, 22201, 441200,00002);

INSERT INTO T_OUTRO_CUSTO(CD_CUSTO, CD_PRODUCAO, VL_MANUTENCAO_GERAL, VL_ENCARGOS, VL_JUROS, VL_SERVICO_DIV, VL_DEPRECIACAO, CD_PRODUTOR)
VALUES (022, 1234567, 5000, 2025,70085, 22201, 541200,00001);

INSERT INTO T_OUTRO_CUSTO(CD_CUSTO , CD_PRODUCAO , VL_MANUTENCAO_GERAL , VL_ENCARGOS , VL_JUROS , VL_SERVICO_DIV , VL_DEPRECIACAO , CD_PRODUTOR )
VALUES (023 , 1234569 , 6003 , 3015 ,80085 , 32201 ,641200 ,00003 );

INSERT INTO T_OUTRO_CUSTO(CD_CUSTO , CD_PRODUCAO , VL_MANUTENCAO_GERAL , VL_ENCARGOS , VL_JUROS , VL_SERVICO_DIV , VL_DEPRECIACAO , CD_PRODUTOR )
VALUES (024 ,1234570 ,7003 ,4015 ,90085 ,42201 ,741200 ,00004 );

INSERT INTO T_OUTRO_CUSTO(CD_CUSTO,CD_PRODUCAO,VL_MANUTENCAO_GERAL,VL_ENCARGOS,VL_JUROS,VL_SERVICO_DIV,VL_DEPRECIACAO,CD_PRODUTOR )
VALUES (025 ,1234571 ,8003 ,5015 ,100085 ,52201 ,841200,00005);

COMMIT;

-- T_DESPESA_LAVOURA

INSERT INTO T_DESPESA_LAVOURA (CD_LAVOURA, CD_PRODUCAO, TP_OPERACAO, VL_ALUGUEL_MAQUINA, VL_MAO_OBRA, VL_SEMENTE, VL_FERTILIZANTE, VL_AGROTOXICO, VL_DESPESA_ADMINISTRATIVA, VL_OUTRA_DESPESA, VL_TOTAL_LAVOURA, CD_PRODUTOR)
VALUES (0051, 1234568, 'Plantio', 02548, 145847, 25447, 45578, 10000, 02154, 5211, 25487, 00002);
 
INSERT INTO T_DESPESA_LAVOURA (CD_LAVOURA, CD_PRODUCAO, TP_OPERACAO, VL_ALUGUEL_MAQUINA, VL_MAO_OBRA, VL_SEMENTE, VL_FERTILIZANTE, VL_AGROTOXICO, VL_DESPESA_ADMINISTRATIVA, VL_OUTRA_DESPESA, VL_TOTAL_LAVOURA, CD_PRODUTOR)
VALUES (0052, 1234567, 'Colheita', 02528, 142227, 13347, 29978, 20000, 01334, 5221, 14487, 00001);

INSERT INTO T_DESPESA_LAVOURA (CD_LAVOURA,CD_PRODUCAO,TP_OPERACAO,VL_ALUGUEL_MAQUINA,VL_MAO_OBRA,VL_SEMENTE,VL_FERTILIZANTE,VL_AGROTOXICO,VL_DESPESA_ADMINISTRATIVA,VL_OUTRA_DESPESA,VL_TOTAL_LAVOURA,CD_PRODUTOR )
VALUES (0053 ,1234569 ,'Plantio' ,02568 ,145847 ,25447 ,45578 ,20000 ,02154 ,5211 ,25487 ,00003 );

INSERT INTO T_DESPESA_LAVOURA (CD_LAVOURA,CD_PRODUCAO,TP_OPERACAO,VL_ALUGUEL_MAQUINA,VL_MAO_OBRA,VL_SEMENTE,VL_FERTILIZANTE,VL_AGROTOXICO,VL_DESPESA_ADMINISTRATIVA,VL_OUTRA_DESPESA,VL_TOTAL_LAVOURA,CD_PRODUTOR )
VALUES (0054 ,1234570 ,'Colheita' ,02588 ,142227 ,13347 ,29978 ,30000 ,01334 ,5221 ,14487 ,00004 );

INSERT INTO T_DESPESA_LAVOURA (CD_LAVOURA,CD_PRODUCAO,TP_OPERACAO,VL_ALUGUEL_MAQUINA,VL_MAO_OBRA,VL_SEMENTE,VL_FERTILIZANTE,VL_AGROTOXICO,VL_DESPESA_ADMINISTRATIVA,VL_OUTRA_DESPESA,VL_TOTAL_LAVOURA,CD_PRODUTOR )
VALUES (0055 ,1234571 ,'Plantio' ,02598 ,145847 ,25447 ,45578 ,40000 ,02154 ,5211 ,25487, 00005 );

COMMIT;
    